Tatouage,Description,CodeEx,Axe,Sens,Pr,État,Dans tunnel,Tunnel,Segment,Parent,GPS,triCode,Fermeture
L10.122A,Niche sécurité NSW-701 - PAU NM01R - Tunnel de Nanterre-La Défense,DEF-NSW-701/DEF,N1013,W,"0,0379",EXPLOI,Oui,LA_DEFENSE,12004434,,"48.889957,2.239356",A14,A14&NEU-W
L10.123C,Niche sécurité NSW-702 - PAU NM00R - Tunnel de Nanterre-La Défense,DEF-NSW-702/DEF,N1013,W,"0,023",EXPLOI,Oui,LA_DEFENSE,12004434,,"48.890278,2.240661",A14,A14&NEU-W
L10.124D,Niche sécurité NSW-601 - PAU NG01R - Tunnel de Nanterre-La Défense,DEF-NSW-601/DEF,N192,W,"0,0509",EXPLOI,Oui,LA_DEFENSE,12004433,,"48.892075,2.240956",A14,A14&NEU-W
L10.125E,Niche sécurité NSW-602 - PAU NG00S - Tunnel de Nanterre-La Défense,DEF-NSW-602/DEF,N192,W,"0,0324",EXPLOI,Oui,LA_DEFENSE,12004433,,"48.889793,2.243714",A14,A14&NEU-W
L10.126F,Niche sécurité NSW-603 - PAU NG00R - Tunnel de Nanterre-La Défense,DEF-NSW-603/DEF,N192,W,"0,0238",EXPLOI,Oui,LA_DEFENSE,12004433,,"48.890770,2.241594",A14,A14&NEU-W
L10.129J,Niche sécurité NSY-001 - PAU NR00A - Tunnel de Nanterre-La Défense,DEF-NSY-001/DEF,A14,Y,"0,0129",EXPLOI,Oui,LA_DEFENSE,12004493,,"48.888294,2.250061",A14,A14&NEU-Y
L10.131L,Niche sécurité NSY-002 - PAU NR00B - Tunnel de Nanterre-La Défense,DEF-NSY-002/DEF,A14,Y,"0,023",EXPLOI,Oui,LA_DEFENSE,12004496,,"48.888763,2.249050",A14,A14&NEU-Y
L10.132M,Niche sécurité NSY-003 - PAU NR00C - Tunnel de Nanterre-La Défense,DEF-NSY-003/DEF,A14,Y,"0,0371",EXPLOI,Oui,LA_DEFENSE,12004496,,"48.889248,2.247158",A14,A14&NEU-Y
L10.133N,Niche sécurité NSY-004 - PAU NR00D - Tunnel de Nanterre-La Défense,DEF-NSY-004/DEF,A14,Y,"0,0531",EXPLOI,Oui,LA_DEFENSE,12004500,,"48.889763,2.245311",A14,A14&NEU-Y
L10.134P,Niche sécurité NSY-005 - PAU NR00E - Tunnel de Nanterre-La Défense,DEF-NSY-005/DEF,A14,Y,"0,0679",EXPLOI,Oui,LA_DEFENSE,12004500,,"48.890324,2.243628",A14,A14&NEU-Y
L10.135R,Niche sécurité NSY-006 - PAU NR00F - Tunnel de Nanterre-La Défense,DEF-NSY-006/DEF,A14,Y,"0,0778",EXPLOI,Oui,LA_DEFENSE,12004504,,"48.890980,2.242117",A14,A14&NEU-Y
L10.136S,Niche sécurité NSY-007 - PAU NR01A - Tunnel de Nanterre-La Défense,DEF-NSY-007/DEF,A14,Y,"0,0946",EXPLOI,Oui,LA_DEFENSE,12004505,,"48.891490,2.240519",A14,A14&NEU-Y
L10.137T,Niche sécurité NSY-008 - PAU NR01B - Tunnel de Nanterre-La Défense,DEF-NSY-008/DEF,A14,Y,"1,0078",EXPLOI,Oui,LA_DEFENSE,12004505,,"48.892105,2.238544",A14,A14&NEU-Y
L10.138U,Niche sécurité NSY-009 - PAU NR01C - Tunnel de Nanterre-La Défense,DEF-NSY-009/DEF,A14,Y,"1,0285",EXPLOI,Oui,LA_DEFENSE,12004505,,"48.892715,2.236289",A14,A14&NEU-Y
L10.139V,Niche sécurité NSY-010 - PAU NR01D - Tunnel de Nanterre-La Défense,DEF-NSY-010/DEF,A14,Y,"1,0443",EXPLOI,Oui,LA_DEFENSE,12004506,,"48.893276,2.234153",A14,A14&NEU-Y
L10.141X,Niche sécurité NSY-011 - PAU NR01E - Tunnel de Nanterre-La Défense,DEF-NSY-011/DEF,A14,Y,"1,0662",EXPLOI,Oui,LA_DEFENSE,12004507,,"48.894130,2.231450",A14,A14&NEU-Y
L10.142Y,Niche sécurité NSY-012 - PAU NR01F - Tunnel de Nanterre-La Défense,DEF-NSY-012/DEF,A14,Y,"1,0836",EXPLOI,Oui,LA_DEFENSE,12004507,,"48.894947,2.228881",A14,A14&NEU-Y
L10.143A,Niche sécurité NSY-013 - PAU NR02A - Tunnel de Nanterre-La Défense,DEF-NSY-013/DEF,A14,Y,"2,0007",EXPLOI,Oui,LA_DEFENSE,12004507,,"48.895530,2.227064",A14,A14&NEU-Y
L10.144C,Niche sécurité NSY-501 (n°9) - PAU NR01G - Tunnel de Nanterre-La Défense,DEF-NSY-501/DEF,N314,Y,"1,08",EXPLOI,Oui,LA_DEFENSE,12004508,,"48.895786,2.228411",A14,A14&NEU-Y
L10.145D,Niche sécurité NSY-502 (n°11) - PAU NR02B - Tunnel de Nanterre-La Défense,DEF-NSY-502/DEF,N314,Y,2,EXPLOI,Oui,LA_DEFENSE,12004508,,"48.895664,2.227225",A14,A14&NEU-Y
L10.146E,Niche sécurité NSY-014 - PAU NR02C - Tunnel de Nanterre-La Défense,DEF-NSY-014/DEF,A14,Y,"2,0267",EXPLOI,Oui,LA_DEFENSE,12004509,,"48.896557,2.223972",A14,A14&NEU-Y
L10.147F,Niche sécurité NSY-015 - PAU NR02D - Tunnel de Nanterre-La Défense,DEF-NSY-015/DEF,A14,Y,"2,0346",EXPLOI,Oui,LA_DEFENSE,12004509,,"48.896833,2.222975",A14,A14&NEU-Y
L10.148G,Niche sécurité NSY-016 - PAU NR02E - Tunnel de Nanterre-La Défense,DEF-NSY-016/DEF,A14,Y,"2,0576",EXPLOI,Oui,LA_DEFENSE,12004510,,"48.897808,2.219814",A14,A14&NEU-Y
L10.149H,Niche sécurité NSY-017 - PAU NR02F - Tunnel de Nanterre-La Défense,DEF-NSY-017/DEF,A14,Y,"2,0776",EXPLOI,Oui,LA_DEFENSE,12004510,,"48.898468,2.217503",A14,A14&NEU-Y
L10.151K,Niche sécurité NSY-018 - PAU NR03A - Tunnel de Nanterre-La Défense,DEF-NSY-018/DEF,A14,Y,"2,09",EXPLOI,Oui,LA_DEFENSE,12004510,,"48.899143,2.214744",A14,A14&NEU-Y
L10.152L,Niche sécurité NSY-019 - PAU NR03B - Tunnel de Nanterre-La Défense,DEF-NSY-019/DEF,A14,Y,"3,0135",EXPLOI,Oui,LA_DEFENSE,12004510,,"48.899593,2.212964",A14,A14&NEU-Y
L10.153M,Niche sécurité NSY-020 - PAU NR03C - Tunnel de Nanterre-La Défense,DEF-NSY-020/DEF,A14,Y,"3,0305",EXPLOI,Oui,LA_DEFENSE,12004511,,"48.900043,2.211008",A14,A14&NEU-Y
L10.154N,Niche sécurité NSY-021 - PAU NR03D - Tunnel de Nanterre-La Défense,DEF-NSY-021/DEF,A14,Y,"3,0443",EXPLOI,Oui,LA_DEFENSE,12004511,,"48.900490,2.208689",A14,A14&NEU-Y
L10.155P,Niche sécurité NSY-022 - PAU NR03E - Tunnel de Nanterre-La Défense,DEF-NSY-022/DEF,A14,Y,"3,0613",EXPLOI,Oui,LA_DEFENSE,12011956,,"48.901043,2.206353",A14,A14&NEU-Y
L10.156R,Niche sécurité NSY-023 - PAU NR03F - Tunnel de Nanterre-La Défense,DEF-NSY-023/DEF,A14,Y,"3,0784",EXPLOI,Oui,ECHANGEUR_NANTERRE,12004514,,"48.901480,2.204367",ECH,A14&NEU-Y
L10.157S,Niche sécurité NSY-024 - PAU NR03G - Tunnel de Nanterre-La Défense,DEF-NSY-024/DEF,A14,Y,"3,0958",EXPLOI,Oui,LA_DEFENSE,12004514,,"48.902073,2.202206",A14,A14&NEU-Y
L10.158T,Niche sécurité NSY-025 - PAU NR04A - Tunnel de Nanterre-La Défense,DEF-NSY-025/DEF,A14,Y,"4,016",EXPLOI,Oui,LA_DEFENSE,12004514,,"48.902843,2.200011",A14,A14&NEU-Y
L10.159U,Niche sécurité NSW-001 - PAU NR04R - Tunnel de Nanterre-La Défense,DEF-NSW-001/DEF,A14,W,"4,032",EXPLOI,Oui,LA_DEFENSE,12004442,,"48.902600,2.199844",A14,A14&NEU-W
L10.161W,Niche sécurité NSW-002 - PAU NR03R - Tunnel de Nanterre-La Défense,DEF-NSW-002/DEF,A14,W,"3,0927",EXPLOI,Oui,LA_DEFENSE,12004442,,"48.901750,2.201986",A14,A14&NEU-W
L10.162X,Niche sécurité NSW-003 - PAU NR03S - Tunnel de Nanterre-La Défense,DEF-NSW-003/DEF,A14,W,"3,0751",EXPLOI,Oui,LA_DEFENSE,12004442,,"48.900837,2.204347",A14,A14&NEU-W
L10.163Y,Niche sécurité NSW-004 - PAU NR03T - Tunnel de Nanterre-La Défense,DEF-NSW-004/DEF,A14,W,"3,0542",EXPLOI,Oui,LA_DEFENSE,12004442,,"48.900276,2.207206",A14,A14&NEU-W
L10.164A,Niche sécurité NSW-005 - PAU NR03U - Tunnel de Nanterre-La Défense,DEF-NSW-005/DEF,A14,W,"3,0304",EXPLOI,Oui,LA_DEFENSE,12004440,,"48.899685,2.210592",A14,A14&NEU-W
L10.165C,Niche sécurité NSW-006 - PAU NR03V - Tunnel de Nanterre-La Défense,DEF-NSW-006/DEF,A14,W,"3,014",EXPLOI,Oui,LA_DEFENSE,12004439,,"48.899208,2.212794",A14,A14&NEU-W
L10.166D,Niche sécurité NSW-007 - PAU NR02R - Tunnel de Nanterre-La Défense,DEF-NSW-007/DEF,A14,W,"2,0916",EXPLOI,Oui,LA_DEFENSE,12004439,,"48.898540,2.215508",A14,A14&NEU-W
L10.167E,Niche sécurité NSW-008 - PAU NR02S - Tunnel de Nanterre-La Défense,DEF-NSW-008/DEF,A14,W,"2,0783",EXPLOI,Oui,LA_DEFENSE,12004439,,"48.898098,2.217297",A14,A14&NEU-W
L10.168F,Niche sécurité NSW-009 - PAU NR02T - Tunnel de Nanterre-La Défense,DEF-NSW-009/DEF,A14,W,"2,0568",EXPLOI,Oui,LA_DEFENSE,12004439,,"48.897263,2.220106",A14,A14&NEU-W
L10.169G,Niche sécurité NSW-010 - PAU NR02U - Tunnel de Nanterre-La Défense,DEF-NSW-010/DEF,A14,W,"2,0337",EXPLOI,Oui,LA_DEFENSE,12011947,,"48.896460,2.223003",A14,A14&NEU-W
L10.171J,Niche sécurité NSW-011 - PAU NR02V - Tunnel de Nanterre-La Défense,DEF-NSW-011/DEF,A14,W,"2,0267",EXPLOI,Oui,LA_DEFENSE,12011947,,"48.896240,2.223778",A14,A14&NEU-W
L10.172K,Niche sécurité NSW-501 - PAU NR02X - Tunnel de Nanterre-La Défense,DEF-NSW-501/DEF,N314,W,"2,0049",EXPLOI,Oui,LA_DEFENSE,12004437,,"48.895073,2.227106",A14,A14&NEU-W
L10.173L,Niche sécurité NSW-502 - PAU NR01X - Tunnel de Nanterre-La Défense,DEF-NSW-502/DEF,N314,W,"1,0909",EXPLOI,Oui,LA_DEFENSE,12004437,,"48.894350,2.227169",A14,A14&NEU-W
L10.174M,Niche sécurité NSW-012 - PAU NR02W - Tunnel de Nanterre-La Défense,DEF-NSW-012/DEF,A14,W,"2,0012",EXPLOI,Oui,LA_DEFENSE,12004436,,"48.895164,2.226675",A14,A14&NEU-W
L10.175N,Niche sécurité NSW-013 - PAU NR01R - Tunnel de Nanterre-La Défense,DEF-NSW-013/DEF,A14,W,"1,0836",EXPLOI,Oui,LA_DEFENSE,12004436,,"48.894444,2.229225",A14,A14&NEU-W
L10.176P,Niche sécurité NSW-014 - PAU NR01S - Tunnel de Nanterre-La Défense,DEF-NSW-014/DEF,A14,W,"1,0671",EXPLOI,Oui,LA_DEFENSE,12004436,,"48.893745,2.231197",A14,A14&NEU-W
L10.177R,Niche sécurité NSW-015 - PAU NR01T - Tunnel de Nanterre-La Défense,DEF-NSW-015/DEF,A14,W,"1,0453",EXPLOI,Oui,LA_DEFENSE,12004435,,"48.892757,2.233789",A14,A14&NEU-W
L10.178S,Niche sécurité NSW-016 - PAU NR01U - Tunnel de Nanterre-La Défense,DEF-NSW-016/DEF,A14,W,"1,0241",EXPLOI,Oui,LA_DEFENSE,12011946,,"48.892014,2.236644",A14,A14&NEU-W
L10.179T,Niche sécurité NSW-017 - PAU NR01V - Tunnel de Nanterre-La Défense,DEF-NSW-017/DEF,A14,W,"1,0054",EXPLOI,Oui,LA_DEFENSE,12011946,,"48.891415,2.238781",A14,A14&NEU-W
L10.181V,Niche sécurité NSW-018 - PAU NR00R - Tunnel de Nanterre-La Défense,DEF-NSW-018/DEF,A14,W,"0,085",EXPLOI,Oui,LA_DEFENSE,12004432,,"48.890660,2.241228",A14,A14&NEU-W
L10.182W,Niche sécurité NSW-019 - PAU NR00S - Tunnel de Nanterre-La Défense,DEF-NSW-019/DEF,A14,W,"0,0668",EXPLOI,Oui,LA_DEFENSE,12004432,,"48.890305,2.242536",A14,A14&NEU-W
L10.183X,Niche sécurité NSW-703 - PAU NM00S - Tunnel de Nanterre-La Défense,DEF-NSW-703/DEF,A14,W,"0,002",EXPLOI,Oui,LA_DEFENSE,12004432,,"48.890034,2.242336",A14,A14&NEU-W
L10.184Y,Niche sécurité NSW-020 - PAU NR00T - Tunnel de Nanterre-La Défense,DEF-NSW-020/DEF,A14,W,"0,05",EXPLOI,Oui,LA_DEFENSE,12004432,,"48.887780,2.249936",A14,A14&NEU-W
L10.185A,Niche sécurité NSW-021 - PAU NV00R - Tunnel de Nanterre-La Défense,DEF-NSW-021/DEF,A14,W,"0,0389",EXPLOI,Oui,LA_DEFENSE,12004430,,"48.887318,2.251353",A14,A14&NEU-W
L10.186C,Niche sécurité NSW-022 - PAU NV00S - Tunnel de Nanterre-La Défense,DEF-NSW-022/DEF,A14,W,"0,0272",EXPLOI,Oui,LA_DEFENSE,12004430,,"48.888107,2.249206",A14,A14&NEU-W
L10.187D,Niche sécurité NSW-023 - PAU NR00U - Tunnel de Nanterre-La Défense,DEF-NSW-023/DEF,A14,W,"0,021",EXPLOI,Oui,LA_DEFENSE,12004428,,"48.887833,2.250369",A14,A14&NEU-W
L10.197P,Niche sécurité NSW-901 - PAU NV00T - Tunnel de Nanterre-La Défense,DEF-NSW-901/DEF,N1014,W,"0,0275",EXPLOI,Oui,LA_DEFENSE,12004429,,"48.886936,2.251947",A14,A14&NEU-W
L10.198R,Niche sécurité NSW-024 - PAU NR00V - Tunnel de Nanterre-La Défense,DEF-NSW-024/DEF,A14,W,"0,0103",EXPLOI,Oui,LA_DEFENSE,12004428,,"48.887790,2.250486",A14,A14&NEU-W
L10.199S,Niche sécurité NSW-902 - PAU - Tunnel de Nanterre-La Défense,DEF-NSW-902/DEF,N1014,W,"0,027",EXPLOI,Oui,LA_DEFENSE,12004429,,"48.887054,2.251895",A14,A14&NEU-W
L10.201U,Niche sécurité NSY-901 - PAU NV00A - Tunnel de Nanterre-La Défense,DEF-NSY-901/DEF,N1014,Y,"0,007",EXPLOI,Oui,LA_DEFENSE,12011964,,"48.887790,2.252750",A14,A14&NEU-Y
L10.208D,Niche incendie NSE-001 (n°A07) - Tunnel de Belle-Rive,NSE-001/BEL,A86OUEST,E,"76,0968",EXPLOI,Non,BELLE-RIVE,12014204,,"48.886131,2.165144",RUE,RUE-E
L10.211G,Niche sécurité NSE-003 (n°A03) - PAU RW76S - Tunnel de Belle-Rive,NSE-003/BEL,A86OUEST,E,"76,0571",EXPLOI,Oui,BELLE-RIVE,12005712,,"48.882683,2.165594",RUE,RUE-E
L10.212H,Niche sécurité NSI-004 (n°A06) - PAU RW76I - Tunnel de Belle-Rive,NSI-006/BEL,A86OUEST,I,"76,0759",EXPLOI,Oui,BELLE-RIVE,12005637,,"48.884370,2.165886",RUE,RUE-I
L10.213J,Niche sécurité NSE-002 (n°A05) - PAU RW76Q - Tunnel de Belle-Rive,NSE-002/BEL,A86OUEST,E,"76,0752",EXPLOI,Oui,BELLE-RIVE,12005712,,"48.884274,2.165361",RUE,RUE-E
L10.214K,Niche sécurité NSI-005 (n°A04) - PAU RW76G - Tunnel de Belle-Rive,NSI-005/BEL,A86OUEST,I,"76,0565",EXPLOI,Oui,BELLE-RIVE,12005637,,"48.882618,2.166028",RUE,RUE-I
L10.215L,Niche sécurité NSE-004 (n°A01) - PAU RW76U - Tunnel de Belle-Rive,NSE-004/BEL,A86OUEST,E,"76,0325",EXPLOI,Oui,BELLE-RIVE,12005711,,"48.880650,2.164558",RUE,RUE-E
L10.216M,Niche sécurité NSI-004 (n°A02) - PAU RW76E - Tunnel de Belle-Rive,NSI-004/BEL,A86OUEST,I,"76,0326",EXPLOI,Oui,BELLE-RIVE,12005635,,"48.880560,2.164981",RUE,RUE-I
L10.217N,Niche sécurité NSE-005 (n°P05) - PAU RW76W - Tunnel de Belle-Rive,NSE-005/BEL,A86OUEST,E,"76,0173",EXPLOI,Oui,BELLE-RIVE,12005711,,"48.879295,2.163781",RUE,RUE-E
L10.218P,Niche sécurité NSI-003 (n°P06) - PAU RW76C - Tunnel de Belle-Rive,NSI-003/BEL,A86OUEST,I,"76,016",EXPLOI,Oui,BELLE-RIVE,12005635,,"48.879170,2.164197",RUE,RUE-I
L10.219R,Niche sécurité NSE-006 (n°P03) - PAU RW76Y - Tunnel de Belle-Rive,NSE-006/BEL,A86OUEST,E,"76,0042",EXPLOI,Oui,BELLE-RIVE,12005711,,"48.878246,2.163061",RUE,RUE-E
L10.221T,Niche sécurité NSI-002 (n°P04) - PAU RW76A - Tunnel de Belle-Rive,NSI-002/BEL,A86OUEST,I,"76,0028",EXPLOI,Oui,BELLE-RIVE,12005635,,"48.878060,2.163436",RUE,RUE-I
L10.222U,Niche sécurité NSE-007 (n°P01) - PAU RW75R - Tunnel de Belle-Rive,NSE-007/BEL,A86OUEST,E,"75,075",EXPLOI,Oui,BELLE-RIVE,12005709,,"48.876865,2.161606",RUE,RUE-E
L10.223V,Niche sécurité NSI-001 (n°P02) - PAU RW75D - Tunnel de Belle-Rive,NSI-001/BEL,A86OUEST,I,"75,0745",EXPLOI,Oui,BELLE-RIVE,12005634,,"48.876460,2.161686",RUE,RUE-I
L11.055L,Niche sécurité NSE-001 - PAU RS52R - Tunnel d'Antony,NSE-001/ANT,A86SUD,E,"52,112",EXPLOI,Oui,ANTONY,12005656,,"48.761894,2.299986",ANT,FRE&ANT-E
L11.056M,Niche sécurité NSE-002 - PAU RS52S - Tunnel d'Antony,NSE-002/ANT,A86SUD,E,"52,088",EXPLOI,Oui,ANTONY,12005656,,"48.762566,2.303042",ANT,FRE&ANT-E
L11.057N,Niche sécurité NSE-003 - PAU RS52T - Tunnel d'Antony,NSE-003/ANT,A86SUD,E,"52,067",EXPLOI,Oui,ANTONY,12005656,,"48.763220,2.305711",ANT,FRE&ANT-E
L11.058P,Niche sécurité NSE-004 - PAU RS52U - Tunnel d'Antony,NSE-004/ANT,A86SUD,E,"52,046",EXPLOI,Oui,ANTONY,12005656,,"48.763470,2.308497",ANT,FRE&ANT-E
L11.059R,Niche sécurité NSE-005 - PAU RS52V - Tunnel d'Antony,NSE-005/ANT,A86SUD,E,"52,0276",EXPLOI,Oui,ANTONY,12011831,,"48.763050,2.310972",ANT,FRE&ANT-E
L11.061T,Niche sécurité NSI-001 - PAU RS52A - Tunnel d'Antony,NSI-001/ANT,A86SUD,I,"52,028",EXPLOI,Oui,ANTONY,12005591,,"48.763206,2.311047",ANT,FRE&ANT-I
L11.062U,Niche sécurité NSI-002 - PAU RS52B - Tunnel d'Antony,NSI-002/ANT,A86SUD,I,"52,0462",EXPLOI,Oui,ANTONY,12005592,,"48.763638,2.308500",ANT,FRE&ANT-I
L11.063V,Niche sécurité NSI-003 - PAU RS52C - Tunnel d'Antony,NSI-003/ANT,A86SUD,I,"52,0675",EXPLOI,Oui,ANTONY,12005592,,"48.763344,2.305681",ANT,FRE&ANT-I
L11.064W,Niche sécurité NSI-004 - PAU RS52D - Tunnel d'Antony,NSI-004/ANT,A86SUD,I,"52,088",EXPLOI,Oui,ANTONY,12005592,,"48.762726,2.302961",ANT,FRE&ANT-I
L11.065X,Niche sécurité NSI-005 - PAU RS52E - Tunnel d'Antony,NSI-005/ANT,A86SUD,I,"52,112",EXPLOI,Oui,ANTONY,12005592,,"48.762020,2.299931",ANT,FRE&ANT-I
L11.066Y,Niche sécurité NSE-001 - PAU RN22S - Tunnel de Bobigny,NSE-001/BOB,A86NORD,E,"22,0303",EXPLOI,Oui,BOBIGNY,12005466,,"48.907455,2.454744",BDR,BLN&CRN-E
L11.067A,Niche sécurité NSE-002 - PAU RN22T - Tunnel de Bobigny,NSE-002/BOB,A86NORD,E,"22,0223",EXPLOI,Oui,BOBIGNY,12005466,,"48.907760,2.453650",BDR,BLN&CRN-E
L11.068C,Niche sécurité NSE-003 - PAU RN22U - Tunnel de Bobigny,NSE-003/BOB,A86NORD,E,"22,0003",EXPLOI,Oui,BOBIGNY,12005466,,"48.908500,2.450869",BDR,BLN&CRN-E
L11.069D,Niche sécurité NSE-004 - PAU RN21R - Tunnel de Bobigny,NSE-004/BOB,A86NORD,E,"21,077",EXPLOI,Oui,BOBIGNY,12005465,,"48.909332,2.447969",BDR,BLN&CRN-E
L11.071F,Niche sécurité NSE-005 - PAU RN21S - Tunnel de Bobigny,NSE-005/BOB,A86NORD,E,"21,0573",EXPLOI,Oui,BOBIGNY,12005465,,"48.909973,2.445622",BDR,BLN&CRN-E
L11.072G,Niche sécurité NSE-006 - PAU RN21T - Tunnel de Bobigny,NSE-006/BOB,A86NORD,E,"21,0376",EXPLOI,Oui,BOBIGNY,12006939,,"48.910934,2.442453",BDR,BLN&CRN-E
L11.073H,Niche sécurité NSE-008 - PAU RN21U - Tunnel de Bobigny,NSE-008/BOB,A86NORD,E,"21,0213",EXPLOI,Oui,BOBIGNY,12005463,,"48.911366,2.441078",BDR,BLN&CRN-E
L11.074J,Niche sécurité NSE-010 - PAU RN20R - Tunnel de Bobigny,NSE-010/BOB,A86NORD,E,"20,0894",EXPLOI,Oui,BOBIGNY,12005463,,"48.912613,2.437442",BDR,BLN&CRN-E
L11.075K,Niche sécurité NSE-012 - PAU RN20S - Tunnel de Bobigny,NSE-012/BOB,A86NORD,E,"20,0647",EXPLOI,Oui,BOBIGNY,12005461,,"48.913746,2.434375",BDR,BLN&CRN-E
L11.076L,Niche sécurité NSE-013 - PAU RN20T - Tunnel de Bobigny,NSE-013/BOB,A86NORD,E,"20,0523",EXPLOI,Oui,BOBIGNY,12005461,,"48.914204,2.432850",BDR,BLN&CRN-E
L11.077M,Niche sécurité NSE-014 - PAU RN20U - Tunnel de Bobigny,NSE-014/BOB,A86NORD,E,"20,0339",EXPLOI,Oui,BOBIGNY,12005461,,"48.915134,2.431000",BDR,BLN&CRN-E
L11.078N,Niche sécurité NSE-101 - PAU RN20V - Tunnel de Bobigny,NSE-101/BOB,A86NORD,E,"20,005",EXPLOI,Non,BOBIGNY,12005461,,"48.917450,2.429425",BDR,BLN&CRN-E
L11.079P,Niche sécurité NSI-001 - PAU RN20A - Tunnel de Bobigny,NSI-001/BOB,A86NORD,I,"20,012",EXPLOI,Oui,BOBIGNY,12005278,,"48.916740,2.429317",BDR,BLN&CRN-I
L11.081S,Niche sécurité NSI-002 - PAU RN20B - Tunnel de Bobigny,NSI-002/BOB,A86NORD,I,"20,0343",EXPLOI,Oui,BOBIGNY,12005278,,"48.915054,2.430497",BDR,BLN&CRN-I
L11.082T,Niche sécurité NSI-003 - PAU RN20C - Tunnel de Bobigny,NSI-003/BOB,A86NORD,I,"20,0524",EXPLOI,Oui,BOBIGNY,12006941,,"48.913960,2.432622",BDR,BLN&CRN-I
L11.083U,Niche sécurité NSI-004 - PAU RN20D - Tunnel de Bobigny,NSI-004/BOB,A86NORD,I,"20,0687",EXPLOI,Oui,BOBIGNY,12005280,,"48.913338,2.434225",BDR,BLN&CRN-I
L11.084V,Niche sécurité NSI-006 - PAU RN20E - Tunnel de Bobigny,NSI-006/BOB,A86NORD,I,"20,094",EXPLOI,Oui,BOBIGNY,12005280,,"48.912290,2.437311",BDR,BLN&CRN-I
L11.085W,Niche sécurité NSI-008 - PAU RN21A - Tunnel de Bobigny,NSI-008/BOB,A86NORD,I,"21,0122",EXPLOI,Oui,BOBIGNY,12005280,,"48.911427,2.439797",BDR,BLN&CRN-I
L11.086X,Niche sécurité NSI-010 - PAU RN21B - Tunnel de Bobigny,NSI-010/BOB,A86NORD,I,"21,0335",EXPLOI,Oui,BOBIGNY,12005281,,"48.910656,2.441981",BDR,BLN&CRN-I
L11.087Y,Niche sécurité NSI-011 - PAU RN21C - Tunnel de Bobigny,NSI-011/BOB,A86NORD,I,"21,049",EXPLOI,Oui,BOBIGNY,12005281,,"48.910380,2.443206",BDR,BLN&CRN-I
L11.088A,Niche sécurité NSI-013 - PAU RN21D - Tunnel de Bobigny,NSI-013/BOB,A86NORD,I,"21,0699",EXPLOI,Oui,BOBIGNY,12005281,,"48.909300,2.446828",BDR,BLN&CRN-I
L11.089C,Niche sécurité NSI-014 - PAU RN21E - Tunnel de Bobigny,NSI-014/BOB,A86NORD,I,"21,0918",EXPLOI,Oui,BOBIGNY,12005283,,"48.908535,2.449564",BDR,BLN&CRN-I
L11.091E,Niche sécurité NSI-015 - PAU RN22A - Tunnel de Bobigny,NSI-015/BOB,A86NORD,I,"22,011",EXPLOI,Oui,BOBIGNY,12005283,,"48.907800,2.452167",BDR,BLN&CRN-I
L11.092F,Niche sécurité NSI-016 - PAU RN22B - Tunnel de Bobigny,NSI-016/BOB,A86NORD,I,"22,0292",EXPLOI,Oui,BOBIGNY,12005283,,"48.907066,2.454878",BDR,BLN&CRN-I
L11.093G,Niche sécurité NSW-001 - PAU MR01S - Tunnel Ambroise Paré,NSW-001/PAR,A13,W,"1,0786",EXPLOI,Oui,AMBROISE_PARE,12004560,,"48.848152,2.232595",BAP,BAP&SCL-W
L11.094H,Niche sécurité NSW-002 - PAU MR01T - Tunnel Ambroise Paré,NSW-002/PAR,A13,W,"1,0617",EXPLOI,Oui,AMBROISE_PARE,12004560,,"48.848087,2.234893",BAP,BAP&SCL-W
L11.095J,Niche sécurité NSW-003 - PAU MR01U - Tunnel Ambroise Paré,NSW-003/PAR,A13,W,"1,0536",EXPLOI,Oui,AMBROISE_PARE,12004560,,"48.848110,2.236001",BAP,BAP&SCL-W
L11.096K,Niche sécurité NSW-004 - PAU MR01V - Tunnel Ambroise Paré,NSW-004/PAR,A13,W,"1,0377",EXPLOI,Oui,AMBROISE_PARE,12004560,,"48.848230,2.238086",BAP,BAP&SCL-W
L11.097L,Niche sécurité NSW-005 - PAU MR01W - Tunnel Ambroise Paré,NSW-005/PAR,A13,W,"1,0222",EXPLOI,Oui,AMBROISE_PARE,12004560,,"48.848198,2.240264",BAP,BAP&SCL-W
L11.098M,Niche sécurité NSW-006 - PAU MR01X - Tunnel Ambroise Paré,NSW-006/PAR,A13,W,"1,0129",EXPLOI,Oui,AMBROISE_PARE,12004560,,"48.848186,2.241539",BAP,BAP&SCL-W
L11.099N,Niche sécurité NSW-007 - PAU MR00R - Tunnel Ambroise Paré,NSW-007/PAR,A13,W,"0,0985",EXPLOI,Oui,AMBROISE_PARE,12004558,,"48.848190,2.243586",BAP,BAP&SCL-W
L11.102S,Niche sécurité NSY-001 - PAU MR00B - Tunnel Ambroise Paré,NSY-001/PAR,A13,Y,"0,0974",EXPLOI,Oui,AMBROISE_PARE,12004612,,"48.848568,2.243572",BAP,BAP&SCL-Y
L11.103T,Niche sécurité NSY-002 - PAU MR01A - Tunnel Ambroise Paré,NSY-002/PAR,A13,Y,"1,0058",EXPLOI,Oui,AMBROISE_PARE,12004612,,"48.848540,2.242508",BAP,BAP&SCL-Y
L11.104U,Niche sécurité NSY-003 - PAU MR01B - Tunnel Ambroise Paré,NSY-003/PAR,A13,Y,"1,0252",EXPLOI,Oui,AMBROISE_PARE,12004612,,"48.848540,2.239869",BAP,BAP&SCL-Y
L11.105V,Niche sécurité NSY-004 - PAU MR01C - Tunnel Ambroise Paré,NSY-004/PAR,A13,Y,"1,0332",EXPLOI,Oui,AMBROISE_PARE,12004612,,"48.848492,2.238753",BAP,BAP&SCL-Y
L11.106W,Niche sécurité NSY-005 - PAU MR01D - Tunnel Ambroise Paré,NSY-005/PAR,A13,Y,"1,0539",EXPLOI,Oui,AMBROISE_PARE,12004612,,"48.848450,2.235968",BAP,BAP&SCL-Y
L11.107X,Niche sécurité NSY-006 - PAU MR01E - Tunnel Ambroise Paré,NSY-006/PAR,A13,Y,"1,0616",EXPLOI,Oui,AMBROISE_PARE,12004612,,"48.848427,2.234896",BAP,BAP&SCL-Y
L11.108Y,Niche sécurité NSY-007 - PAU MR01F - Tunnel Ambroise Paré,NSY-007/PAR,A13,Y,"1,0767",EXPLOI,Oui,AMBROISE_PARE,12004612,,"48.848480,2.232844",BAP,BAP&SCL-Y
L11.111D,Niche sécurité NSW-001 - PAU MZ10S - Tunnel de Champigny,NSW-001/CHA,A4,W,"10,0053",EXPLOI,Oui,CHAMPIGNY,12004822,,"48.826736,2.516792",CHA,CHA-W
L11.112E,Niche sécurité NSW-002 - PAU MZ09R - Tunnel de Champigny,NSW-002/CHA,A4,W,"9,0903",EXPLOI,Oui,CHAMPIGNY,12004822,,"48.826860,2.514684",CHA,CHA-W
L11.113F,Niche sécurité NSW-003 - PAU MZ09S - Tunnel de Champigny,NSW-003/CHA,A4,W,"9,0738",EXPLOI,Oui,CHAMPIGNY,12004822,,"48.827000,2.512586",CHA,CHA-W
L11.114G,Niche sécurité NSW-004 - PAU MZ09T - Tunnel de Champigny,NSW-004/CHA,A4,W,"9,0624",EXPLOI,Oui,CHAMPIGNY,12004820,,"48.827120,2.511312",CHA,CHA-W
L11.115H,Niche sécurité NSW-005 - PAU MZ09U - Tunnel de Champigny,NSW-005/CHA,A4,W,"9,0572",EXPLOI,Oui,CHAMPIGNY,12004820,,"48.827240,2.510285",CHA,CHA-W
L11.116J,Niche sécurité NSW-006 - PAU MZ09V - Tunnel de Champigny,NSW-006/CHA,A4,W,"9,0469",EXPLOI,Oui,CHAMPIGNY,12004820,,"48.827450,2.508722",CHA,CHA-W
L11.117K,Niche sécurité NSW-007 - PAU MZ09W - Tunnel de Champigny,NSW-007/CHA,A4,W,"9,031",EXPLOI,Oui,CHAMPIGNY,12004820,,"48.827717,2.506826",CHA,CHA-W
L11.118L,Niche sécurité NSW-008 - PAU MZ09X - Tunnel Dreyer,NSW-008/CHA,A4,W,"9,011",EXPLOI,Oui,CHAMPIGNY,12004818,,"48.828213,2.504231",CHA,CHA-W
L11.119M,Niche sécurité NSW-009 - PAU MZ08R - Tunnel Dreyer,NSW-009/CHA,A4,W,"8,0874",EXPLOI,Oui,CHAMPIGNY,12004818,,"48.828907,2.501235",CHA,CHA-W
L11.122R,Niche sécurité NSY-002 - PAU MZ09A - Tunnel de Champigny,NSY-002/CHA,A4,Y,"9,0123",EXPLOI,Oui,CHAMPIGNY,12016572,,"48.827778,2.504243",CHA,CHA-Y
L11.123S,Niche sécurité NSY-003 - PAU MZ09B - Tunnel de Champigny,NSY-003/CHA,A4,Y,"9,027",EXPLOI,Oui,CHAMPIGNY,12004892,,"48.827484,2.506081",CHA,CHA-Y
L11.124T,Niche sécurité NSY-004 - PAU MZ09C - Tunnel de Champigny,NSY-004/CHA,A4,Y,"9,0379",EXPLOI,Oui,CHAMPIGNY,12004892,,"48.827248,2.507638",CHA,CHA-Y
L11.125U,Niche sécurité NSY-005 - PAU MZ09D - Tunnel de Champigny,NSY-005/CHA,A4,Y,"9,0518",EXPLOI,Oui,CHAMPIGNY,12004892,,"48.826992,2.509484",CHA,CHA-Y
L11.126V,Niche sécurité NSY-006 - PAU MZ09E - Tunnel de Champigny,NSY-006/CHA,A4,Y,"9,0658",EXPLOI,Oui,CHAMPIGNY,12004892,,"48.826767,2.511355",CHA,CHA-Y
L11.127W,Niche sécurité NSY-007 - PAU MZ09F - Tunnel de Champigny,NSY-007/CHA,A4,Y,"9,0765",EXPLOI,Oui,CHAMPIGNY,12004893,,"48.826633,2.512790",CHA,CHA-Y
L11.128X,Niche sécurité NSY-008 - PAU MZ09G - Tunnel de Champigny,NSY-008/CHA,A4,Y,"9,0885",EXPLOI,Oui,CHAMPIGNY,12004893,,"48.826515,2.514407",CHA,CHA-Y
L11.129Y,Niche sécurité NSY-009 - PAU MZ10A - Tunnel de Champigny,NSY-009/CHA,A4,Y,"10,0052",EXPLOI,Oui,CHAMPIGNY,12004893,,"48.826363,2.516724",CHA,CHA-Y
L11.131C,Niche sécurité NSW-001 - PAU MR04S - Tunnel de Saint-Cloud,NSW-001/CLO,A13,W,"4,0452",EXPLOI,Oui,SAINT-CLOUD,12011840,,"48.839250,2.207381",SCL,BAP&SCL-W
L11.132D,Niche sécurité NSW-002 - PAU MR04T - Tunnel de Saint-Cloud,NSW-002/CLO,A13,W,"4,0302",EXPLOI,Oui,SAINT-CLOUD,12004564,L10.641T,"48.839250,2.210881",SCL,BAP&SCL-W
L11.133E,Niche sécurité NSW-003 - PAU MR04U - Tunnel de Saint-Cloud,NSW-003/CLO,A13,W,"4,0233",EXPLOI,Oui,SAINT-CLOUD,12004564,,"48.839300,2.212397",SCL,BAP&SCL-W
L11.134F,Niche sécurité NSW-004 - PAU MR04V - Tunnel de Saint-Cloud,NSW-004/CLO,A13,W,"4,0125",EXPLOI,Oui,SAINT-CLOUD,12004564,,"48.839170,2.216342",SCL,BAP&SCL-W
L11.135G,Niche sécurité NSW-005 - PAU MR03R - Tunnel de Saint-Cloud,NSW-005/CLO,A13,W,"3,0973",EXPLOI,Oui,SAINT-CLOUD,12004564,,"48.838974,2.211683",SCL,BAP&SCL-W
L11.136H,Niche sécurité NSW-006 - PAU MR03S - Tunnel de Saint-Cloud,NSW-006/CLO,A13,W,"3,0825",EXPLOI,Oui,SAINT-CLOUD,12004564,,"48.838863,2.213698",SCL,BAP&SCL-W
L11.137J,Niche sécurité NSY-001 - PAU MR03A - Tunnel de Saint-Cloud,NSY-001/CLO,A13,Y,"3,0496",EXPLOI,Oui,SAINT-CLOUD,12016696,,"48.839337,2.218025",SCL,BAP&SCL-Y
L11.138K,Niche sécurité NSY-002 - PAU MR03B - Tunnel de Saint-Cloud,NSY-002/CLO,A13,Y,"3,0666",EXPLOI,Oui,SAINT-CLOUD,12004617,,"48.839590,2.214614",SCL,BAP&SCL-Y
L11.139L,Niche sécurité NSY-003 - PAU MR03C - Tunnel de Saint-Cloud,NSY-003/CLO,A13,Y,"3,0806",EXPLOI,Oui,SAINT-CLOUD,12004617,,"48.839714,2.212389",SCL,BAP&SCL-Y
L11.141N,Niche sécurité NSY-004 - PAU MR03D - Tunnel de Saint-Cloud,NSY-004/CLO,A13,Y,"3,0956",EXPLOI,Oui,SAINT-CLOUD,12004617,,"48.839820,2.210900",SCL,BAP&SCL-Y
L11.142P,Niche sécurité NSY-005 - PAU MR04A - Tunnel de Saint-Cloud,NSY-005/CLO,A13,Y,"4,0053",EXPLOI,Oui,SAINT-CLOUD,12004617,,"48.839916,2.207544",SCL,BAP&SCL-Y
L11.143R,Niche sécurité NSY-006 - PAU MR04B - Tunnel de Saint-Cloud,NSY-006/CLO,A13,Y,"4,0147",EXPLOI,Oui,SAINT-CLOUD,12004617,,"48.839810,2.209059",SCL,BAP&SCL-Y
L11.144S,Niche sécurité NSY-007 - PAU MR04C - Tunnel de Saint-Cloud,NSY-007/CLO,A13,Y,"4,0243",EXPLOI,Oui,SAINT-CLOUD,12004617,,"48.839867,2.207804",SCL,BAP&SCL-Y
L11.145T,Niche sécurité NSE-001 - PAU RN15R - Tunnel de La Courneuve,NSE-001/COU,A86NORD,E,"15,0822",EXPLOI,Oui,LA_COURNEUVE,12011557,,"48.923683,2.383636",CRN,BLN&CRN-E
L11.146U,Niche sécurité NSE-002 - PAU RN15S - Tunnel de La Courneuve,NSE-002/COU,A86NORD,E,"15,0686",EXPLOI,Oui,LA_COURNEUVE,12011557,,"48.923313,2.381853",CRN,BLN&CRN-E
L11.147V,Niche sécurité NSI-001 - PAU RN15B - Tunnel de La Courneuve,NSI-001/COU,A86NORD,I,"15,0812",EXPLOI,Oui,LA_COURNEUVE,12005263,,"48.923355,2.383775",CRN,BLN&CRN-I
L11.148W,Niche sécurité NSI-002 - PAU RN16A - Tunnel de La Courneuve,NSI-002/COU,A86NORD,I,"16,0115",EXPLOI,Oui,LA_COURNEUVE,12005263,,"48.923800,2.386403",CRN,BLN&CRN-I
L11.149X,Niche sécurité NSY-601 - PAU NG00A - Tunnel de Nanterre-La Défense,DEF-NSY-601/DEF,N192,Y,"0,006",EXPLOI,Oui,LA_DEFENSE,12004497,,"48.889880,2.245444",A14,A14&NEU-Y
L11.151A,Niche sécurité NSY-602 - PAU NG00B - Tunnel de Nanterre-La Défense,DEF-NSY-602/DEF,N192,Y,"0,028",EXPLOI,Oui,LA_DEFENSE,12004497,,"48.890900,2.242747",A14,A14&NEU-Y
L11.152C,Niche sécurité NSY-603 - PAU NG00C - Tunnel de Nanterre-La Défense,DEF-NSY-603/DEF,N192,Y,"0,05",EXPLOI,Oui,LA_DEFENSE,12004499,,"48.892060,2.241342",A14,A14&NEU-Y
L11.153D,Niche sécurité NSY-701 - PAU NM00A - Tunnel de Nanterre-La Défense,DEF-NSY-701/DEF,N1013,Y,"0,01",EXPLOI,Oui,LA_DEFENSE,12004501,,"48.890564,2.242644",A14,A14&NEU-Y
L11.154E,Niche sécurité NSY-702 - PAU NM00B - Tunnel de Nanterre-La Défense,DEF-NSY-702/DEF,N1013,Y,"0,0225",EXPLOI,Oui,LA_DEFENSE,12004502,,"48.890590,2.240281",A14,A14&NEU-Y
L11.155F,Niche sécurité NSY-703 - PAU NM01A - Tunnel de Nanterre-La Défense,DEF-NSY-703/DEF,N1013,Y,"0,032",EXPLOI,Oui,LA_DEFENSE,12004503,,"48.890163,2.239194",A14,A14&NEU-Y
L11.156G,Niche sécurité NSY-902 - PAU NV00B - Tunnel de Nanterre-La Défense,DEF-NSY-902/DEF,N1014,Y,"0,021",EXPLOI,Oui,LA_DEFENSE,12004495,,"48.887882,2.251667",A14,A14&NEU-Y
L11.157H,Niche incendie NSW-301 - Tunnel de Nanterre-La Défense,ECH-NSW-301/DEF,A14XA86,E>W,"0,0246",EXPLOI,Oui,ECHANGEUR_NANTERRE,12011889,,"48.902660,2.201364",ECH,A14&NEU-W
L11.158J,Niche incendie NSW-302 - Tunnel de Nanterre-La Défense,ECH-NSW-302/DEF,A14XA86,E>W,"0,0403",EXPLOI,Oui,ECHANGEUR_NANTERRE,12004443,,"48.901978,2.199583",ECH,A14&NEU-W
L11.159K,Niche incendie NSW-303 - Tunnel de Nanterre-La Défense,ECH-NSW-303/DEF,A14XA86,E>W,"0,0578",EXPLOI,Oui,ECHANGEUR_NANTERRE,12004443,,"48.900486,2.200350",ECH,A14&NEU-W
L11.161M,Niche incendie NSW-304 - Tunnel de Nanterre-La Défense,ECH-NIW-304/DEF,A14XA86,E>W,"0,07",EXPLOI,Oui,ECHANGEUR_NANTERRE,12004443,,"48.900420,2.201803",ECH,A14&NEU-W
L11.162N,Niche sécurité NSW-304 - PAU NR03Z - Tunnel de Nanterre-La Défense,ECH-NSW-304/DEF,A14XA86,I>W,"0,0119",EXPLOI,Oui,ECHANGEUR_NANTERRE,12005651,,"48.900920,2.203331",ECH,A14&NEU-W
L11.163P,Niche sécurité NSW-801 - PAU NR03X - Tunnel de Nanterre-La Défense,ECH-NSW-801/DEF,A14XA86,I>W,"0,03",EXPLOI,Oui,ECHANGEUR_NANTERRE,12004444,,"48.900920,2.203331",ECH,A14&NEU-W
L11.164R,Niche sécurité NSY-101 - PAU NR03L - Tunnel de Nanterre-La Défense,ECH-NSY-101/DEF,A14XA86,Y>E,"0,027",EXPLOI,Oui,ECHANGEUR_NANTERRE,12004512,,"48.902140,2.202781",ECH,NAN-E
L11.165S,Niche sécurité NSY-102 - PAU NR03M - Tunnel de Nanterre-La Défense,ECH-NSY-102/DEF,A14XA86,Y>E,"0,052",EXPLOI,Oui,ECHANGEUR_NANTERRE,12004512,,"48.902016,2.199786",ECH,NAN-E
L11.166T,Niche sécurité NSY-103 - PAU NR03N - Tunnel de Nanterre-La Défense,ECH-NSY-103/DEF,A14XA86,Y>E,"0,0726",EXPLOI,Oui,ECHANGEUR_NANTERRE,12004512,L10.394Y,"48.900060,2.199692",ECH,NAN-E
L11.167U,Niche incendie NY-104 - Tunnel de Nanterre-La Défense,ECH-NSY-104/DEF,A14XA86,Y>E,"0,0722",EXPLOI,Oui,ECHANGEUR_NANTERRE,12004512,,"48.900036,2.199683",ECH,NAN-E
L11.168V,Niche sécurité NSY-401 - PAU NR04G - Tunnel de Nanterre-La Défense,ECH-NSY-401/DEF,A14XA86,E,"0,004",EXPLOI,Oui,ECHANGEUR_NANTERRE,12011885,,"48.902966,2.200647",ECH,A14&NEU-W
L11.169W,Niche incendie NSY-402 - Tunnel de Nanterre-La Défense,ECH-NSY-402/DEF,A14XA86,E>Y,"0,013",EXPLOI,Oui,ECHANGEUR_NANTERRE,12004515,,"48.902843,2.203389",ECH,A14&NEU-W
L11.171Y,Niche incendie NSY-403 - Tunnel de Nanterre-La Défense,ECH-NSY-403/DEF,A14XA86,E>Y,"0,029",EXPLOI,Oui,ECHANGEUR_NANTERRE,12004515,,"48.902760,2.201400",ECH,A14&NEU-W
L11.172A,Niche sécurité NSY-404 - PAU NR04B - Tunnel de Nanterre-La Défense,ECH-NSY-404/DEF,A14XA86,E>Y,"0,0371",EXPLOI,Oui,ECHANGEUR_NANTERRE,12004515,,"48.903175,2.204572",ECH,A14&NEU-W
L11.173C,Niche sécurité NSE-001 - PAU RE46S - Tunnel du Moulin,NSE-001/MOU,A86EST,E,"46,011",EXPLOI,Oui,MOULIN,12005545,,"48.761444,2.382414",MOU,GMO&MOU-E
L11.174D,Niche sécurité NSE-002 - PAU RE45R - Tunnel du Moulin,NSE-002/MOU,A86EST,E,"45,09",EXPLOI,Oui,MOULIN,12005545,,"48.763187,2.381250",MOU,GMO&MOU-E
L11.175E,Niche sécurité NSE-003 - PAU RE45S - Tunnel du Moulin,NSE-003/MOU,A86EST,E,"45,07",EXPLOI,Oui,MOULIN,12005544,,"48.764797,2.380150",MOU,GMO&MOU-E
L11.176F,Niche sécurité NSE-004 - PAU RE45T - Tunnel du Moulin,NSE-004/MOU,A86EST,E,"45,055",EXPLOI,Oui,MOULIN,12005544,,"48.766037,2.379325",MOU,GMO&MOU-E
L11.177G,Niche sécurité NSI-001 - PAU RE45B - Tunnel du Moulin,NSI-001/MOU,A86EST,I,"45,067",EXPLOI,Oui,MOULIN,12005351,,"48.764763,2.379739",MOU,GMO&MOU-I
L11.178H,Niche sécurité NSI-002 - PAU RE45C - Tunnel du Moulin,NSI-002/MOU,A86EST,I,"45,087",EXPLOI,Oui,MOULIN,12005351,,"48.763084,2.380886",MOU,GMO&MOU-I
L11.179J,Niche sécurité NSW-001 - PAU LR05S - Tunnel de Fontenay,NSW-001/FON,A12,W,"5,0553",EXPLOI,Oui,FONTENAY,12016622,,"48.805023,2.050567",FLF,FLF-W
L11.181L,Niche sécurité NSW-004 - PAU LR05V - Tunnel de Fontenay,NSW-004/FON,A12,W,"5,0354",EXPLOI,Oui,FONTENAY,12016622,,"48.806114,2.051692",FLF,FLF-W
L11.182M,Niche sécurité NSY-001 - PAU LR05B - Tunnel de Fontenay,NSY-001/FON,A12,Y,"5,0348",EXPLOI,Oui,FONTENAY,12016620,,"48.806244,2.051372",FLF,FLF-Y
L11.183N,Niche sécurité NSY-004 - PAU LR05E - Tunnel de Fontenay,NSY-004/FON,A12,Y,"5,0546",EXPLOI,Oui,FONTENAY,12016620,,"48.805150,2.050256",FLF,FLF-Y
L11.184P,Niche sécurité NSE-001 - PAU RS51S - Tunnel de Fresnes,NSE-001/FRE,A86SUD,E,"51,0762",EXPLOI,Oui,FRESNES,12006946,,"48.760742,2.318511",FRE,FRE&ANT-E
L11.185R,Niche sécurité NSE-002 - PAU RS51T - Tunnel de Fresnes,NSE-002/FRE,A86SUD,E,"51,0586",EXPLOI,Oui,FRESNES,12016593,,"48.759950,2.320861",FRE,FRE&ANT-E
L11.186S,Niche sécurité NSE-003 - PAU RS51U - Tunnel de Fresnes,NSE-003/FRE,A86SUD,E,"51,0335",EXPLOI,Oui,FRESNES,12005587,,"48.758892,2.324033",FRE,FRE&ANT-E
L11.187T,Niche sécurité NSE-004 - PAU RS51V - Tunnel de Fresnes,NSE-004/FRE,A86SUD,E,"51,0108",EXPLOI,Oui,FRESNES,12005587,,"48.758038,2.326514",FRE,FRE&ANT-E
L11.188U,Niche sécurité NSI-001 - PAU RS50C - Tunnel de Fresnes,NSI-001/FRE,A86SUD,I,"50,0897",EXPLOI,Oui,FRESNES,12016596,,"48.757202,2.329825",FRE,FRE&ANT-I
L11.189V,Niche sécurité NSI-002 - PAU RS51A - Tunnel de Fresnes,NSI-002/FRE,A86SUD,I,"51,011",EXPLOI,Oui,FRESNES,12005393,,"48.758236,2.326625",FRE,FRE&ANT-I
L11.191X,Niche sécurité NSI-003 - PAU RS51B - Tunnel de Fresnes,NSI-003/FRE,A86SUD,I,"51,0335",EXPLOI,Oui,FRESNES,12005393,,"48.759064,2.324153",FRE,FRE&ANT-I
L11.192Y,Niche sécurité NSI-004 - PAU RS51C - Tunnel de Fresnes,NSI-004/FRE,A86SUD,I,"51,0595",EXPLOI,Oui,FRESNES,12016591,,"48.760120,2.320967",FRE,FRE&ANT-I
L11.193A,Niche sécurité NSI-005 - PAU RS51D - Tunnel de Fresnes,NSI-005/FRE,A86SUD,I,"51,0762",EXPLOI,Oui,FRESNES,12016591,,"48.760902,2.318619",FRE,FRE&ANT-I
L11.194C,Niche sécurité NSW-001 - PAU AL01S - Tunnel du Landy,NSW-001/LAN,A1,W,"1,0805",EXPLOI,Oui,LANDY,12004135,,"48.918674,2.357209",LAN,LAN-W
L11.195D,Niche sécurité NSW-003 - PAU AL01U - Tunnel du Landy,NSW-003/LAN,A1,W,"1,0582",EXPLOI,Oui,LANDY,12004134,,"48.913483,2.357622",LAN,LAN-W
L11.196E,Niche sécurité NSW-005 - PAU AL01W - Tunnel du Landy,NSW-005/LAN,A1,W,"1,0361",EXPLOI,Oui,LANDY,12004134,,"48.911427,2.357789",LAN,LAN-W
L11.197F,Niche sécurité NSW-007 - PAU AL01Y - Tunnel du Landy,NSW-007/LAN,A1,W,"1,0099",EXPLOI,Oui,LANDY,12004134,,"48.909970,2.357900",LAN,LAN-W
L11.198G,Niche sécurité NSW-009 - PAU AL00S - Tunnel du Landy,NSW-009/LAN,A1,W,"0,0808",EXPLOI,Oui,LANDY,12004134,,"48.909126,2.358000",LAN,LAN-W
L11.199H,Niche sécurité NSW-010 - PAU AL00T - Tunnel du Landy,NSW-010/LAN,A1,W,"0,0655",EXPLOI,Oui,LANDY,12004132,,"48.907585,2.358089",LAN,LAN-W
L11.201K,Niche sécurité NSW-011 - PAU AL00U - Tunnel du Landy,NSW-011/LAN,A1,W,"0,0457",EXPLOI,Oui,LANDY,12004132,,"48.906113,2.358211",LAN,LAN-W
L11.202L,Niche sécurité NSY-001 - PAU AL00C - Tunnel du Landy,NSY-001/LAN,A1,Y,"0,0656",EXPLOI,Oui,LANDY,12004071,,"48.907604,2.358578",LAN,LAN-Y
L11.203M,Niche sécurité NSY-002 - PAU AL00D - Tunnel du Landy,NSY-002/LAN,A1,Y,"0,08",EXPLOI,Oui,LANDY,12004071,,"48.909138,2.358425",LAN,LAN-Y
L11.204N,Niche sécurité NSY-004 - PAU AL01A - Tunnel du Landy,NSY-004/LAN,A1,Y,"1,0085",EXPLOI,Oui,LANDY,12004072,,"48.909992,2.358406",LAN,LAN-Y
L11.205P,Niche sécurité NSY-006 - PAU AL01C - Tunnel du Landy,NSY-006/LAN,A1,Y,"1,036",EXPLOI,Oui,LANDY,12004072,,"48.911440,2.358289",LAN,LAN-Y
L11.206R,Niche sécurité NSY-008 - PAU AL01E - Tunnel du Landy,NSY-008/LAN,A1,Y,"1,0586",EXPLOI,Oui,LANDY,12004073,,"48.913500,2.358119",LAN,LAN-Y
L11.207S,Niche sécurité NSY-010 - PAU AL01G - Tunnel du Landy,NSY-010/LAN,A1,Y,"1,0821",EXPLOI,Oui,LANDY,12004073,,"48.917404,2.357822",LAN,LAN-Y
L11.208T,Niche sécurité NSEY - PAU AL00B - Tunnel du Landy,NSEY/LAN,A1,Y,"0,045",EXPLOI,Non,LANDY,12004071,,"48.906017,2.358705",LAN,LAN-Y
L11.209U,Niche sécurité NSE-001 - PAU RN19R - Tunnel Lumen,NSE-001/LUN,A86NORD,E,"19,092",EXPLOI,Oui,LUMEN_NORTON,12005460,,"48.918793,2.428775",LNO,BLN&CRN-E
L11.211W,Niche sécurité NSE-002 - PAU RN19S - Tunnel Lumen,NSE-002/LUN,A86NORD,E,"19,0871",EXPLOI,Oui,LUMEN_NORTON,12005460,,"48.919240,2.428728",LNO,BLN&CRN-E
L11.212X,Niche sécurité NSE-003 - PAU RN19T - Tunnel Lumen,NSE-003/LUN,A86NORD,E,"19,0598",EXPLOI,Oui,LUMEN_NORTON,12005458,,"48.921528,2.427836",LNO,BLN&CRN-E
L11.213Y,Niche sécurité NSE-004 - PAU RN19U - Tunnel Lumen,NSE-004/LUN,A86NORD,E,"19,0433",EXPLOI,Oui,LUMEN_NORTON,12005457,,"48.922985,2.427519",LNO,BLN&CRN-E
L11.214A,Niche sécurité NSE-005 - PAU RN19V - Tunnel Lumen-Norton,NSE-005/LUN,A86NORD,E,"19,0206",EXPLOI,Oui,LUMEN_NORTON,12005457,,"48.924835,2.426033",LNO,BLN&CRN-E
L11.215C,Niche sécurité NSE-006 - PAU RN19W - Tunnel Norton,NSE-006/LUN,A86NORD,E,"19,0022",EXPLOI,Oui,LUMEN_NORTON,12014212,,"48.925865,2.423850",LNO,BLN&CRN-E
L11.216D,Niche sécurité NSE-007 - PAU RN18R - Tunnel Norton,NSE-007/LUN,A86NORD,E,"18,083",EXPLOI,Oui,LUMEN_NORTON,12014212,,"48.926563,2.421669",LNO,BLN&CRN-E
L11.217E,Niche sécurité NSI-001 - PAU RN18C - Tunnel Norton,NSI-001/LUN,A86NORD,I,"18,081",EXPLOI,Oui,LUMEN_NORTON,12005272,,"48.926323,2.421381",LNO,BLN&CRN-I
L11.218F,Niche sécurité NSI-002 - PAU RN19A - Tunnel Norton,NSI-002/LUN,A86NORD,I,"18,0995",EXPLOI,Oui,LUMEN_NORTON,12005272,,"48.925617,2.423608",LNO,BLN&CRN-I
L11.219G,Niche sécurité NSI-003 - PAU RN19B - Tunnel Lumen-Norton,NSI-003/LUN,A86NORD,I,"19,0182",EXPLOI,Oui,LUMEN_NORTON,12005273,,"48.924717,2.425642",LNO,BLN&CRN-I
L11.221J,Niche sécurité NSI-004 - PAU RN19C - Tunnel Lumen,NSI-004/LUN,A86NORD,I,"19,04",EXPLOI,Oui,LUMEN_NORTON,12005275,,"48.922974,2.426975",LNO,BLN&CRN-I
L11.222K,Niche sécurité NSI-005 - PAU RN19D - Tunnel Lumen,NSI-005/LUN,A86NORD,I,"19,0544",EXPLOI,Oui,LUMEN_NORTON,12005275,,"48.921745,2.427206",LNO,BLN&CRN-I
L11.223L,Niche sécurité NSI-006 - PAU RN19E - Tunnel Lumen,NSI-006/LUN,A86NORD,I,"19,0689",EXPLOI,Oui,LUMEN_NORTON,12005276,,"48.920273,2.427706",LNO,BLN&CRN-I
L11.224M,Niche sécurité NSI-007 - PAU RN19F - Tunnel Lumen,NSI-007/LUN,A86NORD,I,"19,0747",EXPLOI,Oui,LUMEN_NORTON,12005276,,"48.920036,2.427814",LNO,BLN&CRN-I
L11.225N,Niche sécurité NSE-001 - PAU RE44T - Tunnel Guy Môquet,NSE-001/MOQ,A86EST,E,"44,0345",EXPLOI,Oui,GUY-MOQUET,12005541,,"48.771004,2.390344",GMO,GMO&MOU-E
L11.226P,Niche sécurité NSE-002 - PAU RE44U - Tunnel Guy Môquet,NSE-002/MOQ,A86EST,E,"44,0147",EXPLOI,Oui,GUY-MOQUET,12005541,,"48.771370,2.392947",GMO,GMO&MOU-E
L11.227R,Niche sécurité NSE-003 - PAU RE43R - Tunnel Guy Môquet,NSE-003/MOQ,A86EST,E,"43,0915",EXPLOI,Oui,GUY-MOQUET,12005541,,"48.771880,2.396033",GMO,GMO&MOU-E
L11.228S,Niche sécurité NSI-001 - PAU RE43D - Tunnel Guy Môquet,NSI-001/MOQ,A86EST,I,"43,0887",EXPLOI,Oui,GUY-MOQUET,12005347,,"48.772250,2.395867",GMO,GMO&MOU-I
L11.229T,Niche sécurité NSI-002 - PAU RE44A - Tunnel Guy Môquet,NSI-002/MOQ,A86EST,I,"44,0118",EXPLOI,Oui,GUY-MOQUET,12005347,,"48.771713,2.392878",GMO,GMO&MOU-I
L11.231V,Niche sécurité NSI-003 - PAU RE44B - Tunnel Guy Môquet,NSI-003/MOQ,A86EST,I,"44,0317",EXPLOI,Oui,GUY-MOQUET,12005347,,"48.771423,2.390233",GMO,GMO&MOU-I
L11.232W,Niche sécurité NSE-001/NAN - PAU RW80S - Tunnel de Nanterre-La Défense,NAN-NSE-001/DEF,A86OUEST,E,"79,095",EXPLOI,Oui,NANTERRE_CENTRE,ZDEF,TUN_NAN,"48.902800,2.204336",NAN,NAN-E
L11.233X,Niche sécurité NSE-002/NAN - PAU RW79R - Tunnel de Nanterre-La Défense,NAN-NSE-002/DEF,A86OUEST,E,"79,088",EXPLOI,Oui,NANTERRE_CENTRE,ZDEF,TUN_NAN,"48.905530,2.209075",NAN,NAN-E
L11.234Y,Niche sécurité NSE-003/NAN - PAU RW79V - Tunnel de Nanterre-La Défense,NAN-NSE-003/DEF,A86OUEST,E,"79,0742",EXPLOI,Oui,NANTERRE_CENTRE,ZDEF,TUN_NAN,"48.896873,2.196253",NAN,NAN-E
L11.235A,Niche sécurité NSE-004/NAN - PAU RW79U - Tunnel de Nanterre-La Défense,NAN-NSE-004/DEF,A86OUEST,E,"79,0555",EXPLOI,Oui,NANTERRE_CENTRE,ZDEF,TUN_NAN,"48.898490,2.198317",NAN,NAN-E
L11.236C,Niche sécurité NSE-005/NAN - PAU RW79T - Tunnel de Nanterre-La Défense,NAN-NSE-005/DEF,A86OUEST,E,"79,0408",EXPLOI,Oui,NANTERRE_CENTRE,ZDEF,TUN_NAN,"48.899784,2.199931",NAN,NAN-E
L11.237D,Niche sécurité NSE-006/NAN - PAU RW79S - Tunnel de Nanterre-La Défense,NAN-NSE-006/DEF,A86OUEST,E,"79,021",EXPLOI,Oui,NANTERRE_CENTRE,ZDEF,TUN_NAN,"48.900322,2.200522",NAN,NAN-E
L11.238E,Niche sécurité NSI-001/NAN - PAU RW79A - Tunnel de Nanterre-La Défense,NAN-NSI-001/DEF,A86OUEST,I,"79,012",EXPLOI,Oui,NANTERRE_CENTRE,ZDEF,TUN_NAN,"48.896732,2.196469",NAN,NAN-I
L11.239F,Niche sécurité NSI-002/NAN - PAU RW79B - Tunnel de Nanterre-La Défense,NAN-NSI-002/DEF,A86OUEST,I,"79,0342",EXPLOI,Oui,NANTERRE_CENTRE,ZDEF,TUN_NAN,"48.898205,2.198739",NAN,NAN-I
L11.241H,Niche sécurité NSI-003/NAN - PAU RW79C - Tunnel de Nanterre-La Défense,NAN-NSI-003/DEF,A86OUEST,I,"79,0485",EXPLOI,Oui,NANTERRE_CENTRE,ZDEF,TUN_NAN,"48.899254,2.200144",NAN,NAN-I
L11.242J,Niche sécurité NSI-004/NAN - PAU RW79D - Tunnel de Nanterre-La Défense,NAN-NSI-004/DEF,A86OUEST,I,"79,068",EXPLOI,Oui,NANTERRE_CENTRE,ZDEF,TUN_NAN,"48.900066,2.201100",NAN,NAN-I
L11.243K,Niche sécurité NSI-005/NAN - PAU RW79E - Tunnel de Nanterre-La Défense,NAN-NSI-005/DEF,A86OUEST,I,"79,0814",EXPLOI,Oui,NANTERRE_CENTRE,ZDEF,TUN_NAN,"48.902557,2.204622",NAN,NAN-I
L11.244L,Niche sécurité NSI-006/NAN - PAU RW80A - Tunnel de Nanterre-La Défense,NAN-NSI-006/DEF,A86OUEST,I,"80,01",EXPLOI,Oui,NANTERRE_CENTRE,ZDEF,TUN_NAN,"48.901848,2.203364",NAN,NAN-I
L11.245M,Niche sécurité NSW-001 - PAU SR01R - Tunnel de Neuilly,NSW-001/NEU,N13,W,"8,025",EXPLOI,Oui,NEUILLY,12004423,,"48.885693,2.257014",NEU,A14&NEU-W
L11.246N,Niche sécurité NSW-002 - PAU SR01S - Tunnel de Neuilly,NSW-002/NEU,N13,W,"8,0046",EXPLOI,Oui,NEUILLY,12014208,,"48.884827,2.259689",NEU,A14&NEU-W
L11.247P,Niche sécurité NSW-003 - PAU SR01T - Tunnel de Neuilly,NSW-003/NEU,N13,W,"7,085",EXPLOI,Oui,NEUILLY,12014208,,"48.884060,2.262158",NEU,A14&NEU-W
L11.248R,Niche sécurité NSY-001 - PAU SR01C - Tunnel de Neuilly,NSY-001/NEU,N13,Y,"7,085",EXPLOI,Oui,NEUILLY,12004486,,"48.884327,2.262358",NEU,A14&NEU-Y
L11.249S,Niche sécurité NSY-002 - PAU SR01B - Tunnel de Neuilly,NSY-002/NEU,N13,Y,"8,0065",EXPLOI,Oui,NEUILLY,12004486,,"48.885150,2.259689",NEU,A14&NEU-Y
L11.251U,Niche sécurité NSY-003 - PAU SR01A - Tunnel de Neuilly,NSY-003/NEU,N13,Y,"8,025",EXPLOI,Oui,NEUILLY,12004487,,"48.885887,2.257444",NEU,A14&NEU-Y
L11.252V,Niche sécurité NSE-001 - PAU RE32R - Tunnel de Nogent,NSE-001/NOG,A86EST,E,"32,073",EXPLOI,Oui,NOGENT,12005504,,"48.829742,2.487800",NOG,NOG-E
L11.253W,Niche sécurité NSE-002 - PAU RE32S - Tunnel de Nogent,NSE-002/NOG,A86EST,E,"32,048",EXPLOI,Oui,NOGENT,12005504,,"48.830654,2.491025",NOG,NOG-E
L11.254X,Niche sécurité NSE-003 - PAU RE32T - Tunnel de Nogent,NSE-003/NOG,A86EST,E,"32,032",EXPLOI,Oui,NOGENT,12005503,,"48.831944,2.492247",NOG,NOG-E
L11.255Y,Niche sécurité NSE-004 - PAU RE32U - Tunnel de Nogent,NSE-004/NOG,A86EST,E,"32,017",EXPLOI,Oui,NOGENT,12005503,,"48.833180,2.492803",NOG,NOG-E
L11.256A,Niche sécurité NSE-005 - PAU RE31R - Tunnel de Nogent,NSE-005/NOG,A86EST,E,"31,098",EXPLOI,Oui,NOGENT,12005503,,"48.834885,2.493828",NOG,NOG-E
L11.257C,Niche sécurité NSE-006 - PAU RE31S - Tunnel de Nogent,NSE-006/NOG,A86EST,E,"31,078",EXPLOI,Oui,NOGENT,12005500,,"48.836680,2.494372",NOG,NOG-E
L11.258D,Niche sécurité NSE-007 - PAU RE31T - Tunnel de Nogent,NSE-007/NOG,A86EST,E,"31,058",EXPLOI,Oui,NOGENT,12005498,,"48.838436,2.494053",NOG,NOG-E
L11.259E,Niche sécurité NSE-008 - PAU RE31U - Tunnel de Nogent,NSE-008/NOG,A86EST,E,"31,039",EXPLOI,Oui,NOGENT,12005498,,"48.840180,2.493533",NOG,NOG-E
L11.261G,Niche sécurité NSE-009 - PAU RE31V - Tunnel de Nogent,NSE-009/NOG,A86EST,E,"31,019",EXPLOI,Oui,NOGENT,12005497,,"48.841915,2.493169",NOG,NOG-E
L11.262H,Niche sécurité NSE-010 - PAU RE31W - Tunnel de Nogent,NSE-010/NOG,A86EST,E,"31,001",EXPLOI,Oui,NOGENT,12005497,,"48.843210,2.493219",NOG,NOG-E
L11.263J,Niche sécurité NSE-011 - PAU RE30R - Tunnel de Nogent,NSE-011/NOG,A86EST,E,"30,08",EXPLOI,Oui,NOGENT,12005496,,"48.845360,2.492831",NOG,NOG-E
L11.264K,Niche sécurité NSE-012 - PAU RE30S - Tunnel de Nogent,NSE-012/NOG,A86EST,E,"30,06",EXPLOI,Oui,NOGENT,12005496,,"48.847120,2.492103",NOG,NOG-E
L11.265L,Niche sécurité NSI-001 - PAU RE30A - Tunnel de Nogent,NSI-001/NOG,A86EST,I,"30,06",EXPLOI,Oui,NOGENT,12005310,,"48.847137,2.491289",NOG,NOG-I
L11.266M,Niche sécurité NSI-002 - PAU RE30B - Tunnel de Nogent,NSI-002/NOG,A86EST,I,"30,078",EXPLOI,Oui,NOGENT,12005311,,"48.845383,2.491811",NOG,NOG-I
L11.267N,Niche sécurité NSI-003 - PAU RE30C - Tunnel de Nogent,NSI-003/NOG,A86EST,I,"30,097",EXPLOI,Oui,NOGENT,12005311,,"48.843517,2.492464",NOG,NOG-I
L11.268P,Niche sécurité NSI-004 - PAU RE31A - Tunnel de Nogent,NSI-004/NOG,A86EST,I,"31,01",EXPLOI,Oui,NOGENT,12005311,,"48.842270,2.492611",NOG,NOG-I
L11.269R,Niche sécurité NSI-005 - PAU RE31B - Tunnel de Nogent,NSI-005/NOG,A86EST,I,"31,035",EXPLOI,Oui,NOGENT,12005313,,"48.839966,2.493039",NOG,NOG-I
L11.271T,Niche sécurité NSI-006 - PAU RE31C - Tunnel de Nogent,NSI-006/NOG,A86EST,I,"31,055",EXPLOI,Oui,NOGENT,12005313,,"48.838146,2.493625",NOG,NOG-I
L11.272U,Niche sécurité NSI-007 - PAU RE31D - Tunnel de Nogent,NSI-007/NOG,A86EST,I,"31,074",EXPLOI,Oui,NOGENT,12005313,,"48.836422,2.493903",NOG,NOG-I
L11.273V,Niche sécurité NSI-008 - PAU RE31E - Tunnel de Nogent,NSI-008/NOG,A86EST,I,"31,095",EXPLOI,Oui,NOGENT,12005316,,"48.834600,2.493144",NOG,NOG-I
L11.274W,Niche sécurité NSI-009 - PAU RE32A - Tunnel de Nogent,NSI-009/NOG,A86EST,I,"32,014",EXPLOI,Oui,NOGENT,12005316,,"48.832980,2.492247",NOG,NOG-I
L11.275X,Niche sécurité NSI-010 - PAU RE32B - Tunnel de Nogent,NSI-010/NOG,A86EST,I,"32,029",EXPLOI,Oui,NOGENT,12005316,,"48.831802,2.491453",NOG,NOG-I
L11.276Y,Niche sécurité NSI-011 - PAU RE32C - Tunnel de Nogent,NSI-011/NOG,A86EST,I,"32,05",EXPLOI,Oui,NOGENT,12005318,,"48.830727,2.489250",NOG,NOG-I
L11.277A,Niche sécurité NSI-012 - PAU RE32D - Tunnel de Nogent,NSI-012/NOG,A86EST,I,"32,073",EXPLOI,Oui,NOGENT,12005318,,"48.830350,2.486850",NOG,NOG-I
L11.278C,Niche sécurité NSW-001 - PAU VR37U - Tunnel de Chennevières,NSW-001/CHE,N12,W,"37,0609",EXPLOI,Oui,CHENNEVIERES,12012307,,"48.796722,1.908411",CHE,CHE
L11.279D,Niche sécurité NSW-002 - PAU VR37S - Tunnel de Chennevières,NSW-002/CHE,N12,W,"37,039",EXPLOI,Oui,CHENNEVIERES,12012307,,"48.797432,1.911175",CHE,CHE
L11.281F,Niche sécurité NSW-003 - PAU VR37R - Tunnel de Chennevières,NSW-003/CHE,N12,W,"37,0167",EXPLOI,Oui,CHENNEVIERES,12012307,,"48.798187,1.913767",CHE,CHE
L11.282G,Niche sécurité NSY-001 - PAU VR37A - Tunnel de Chennevières,NSY-001/CHE,N12,Y,"36,0175",EXPLOI,Oui,CHENNEVIERES,12012292,,"48.798390,1.913650",CHE,CHE
L11.283H,Niche sécurité NSY-002 - PAU VR37B - Tunnel de Chennevières,NSY-002/CHE,N12,Y,"37,0384",EXPLOI,Oui,CHENNEVIERES,12012292,,"48.797764,1.911067",CHE,CHE
L11.284J,Niche sécurité NSY-003 - PAU VR37D - Tunnel de Chennevières,NSY-003/CHE,N12,Y,"37,0605",EXPLOI,Oui,CHENNEVIERES,12012292,,"48.796925,1.908239",CHE,CHE
L11.285K,Niche sécurité NSW-001 - PAU BU03S - Tunnel des Sévines,NSW-001/SEV,N315,W,"3,0237",EXPLOI,Oui,SEVINES,12005148,,"48.931873,2.301933",SEV,SEV
L11.286L,Niche sécurité NSW-002 - PAU BU03T - Tunnel des Sévines,NSW-002/SEV,N315,W,"3,004",EXPLOI,Oui,SEVINES,12005148,,"48.930206,2.301950",SEV,SEV
L11.287M,Niche sécurité NSEW - PAU BU03R - Entrée - Tunnel des Sévines,NSEW/SEV,N315,W,"3,0474",EXPLOI,Non,SEVINES,12005149,L10.674H,"48.934240,2.301981",SEV,SEV
L11.288N,Niche sécurité NSY-001 - PAU BU03A - Tunnel des Sévines,NSY-001/SEV,N315,Y,"3,0023",EXPLOI,Oui,SEVINES,12005086,,"48.930264,2.302325",SEV,SEV
L11.289P,Niche sécurité NSY-002 - PAU BU03B - Tunnel des Sévines,NSY-002/SEV,N315,Y,"3,0236",EXPLOI,Oui,SEVINES,12005087,,"48.931858,2.302372",SEV,SEV
L11.291S,Niche sécurité NSY-101 - PAU BU03C - Sortie - Tunnel des Sévines,NSY-101/SEV,N315,Y,"3,0455",EXPLOI,Non,SEVINES,12005087,L10.673G,"48.934063,2.302408",SEV,SEV
L11.292T,Niche incendie NSW-001 Entrée Nord - Tunnel de Taverny,NSW-001/TAV,A115,W,"7,04",EXPLOI,Oui,TAVERNY,12013888,,"49.024147,2.208836",TAV,TAV
L11.293U,Niche sécurité NSW-002 - PAU AT07S - Tunnel de Taverny,NSW-002/TAV,A115,W,"7,0235",EXPLOI,Oui,TAVERNY,12013888,,"49.023052,2.209811",TAV,TAV
L11.294V,Niche sécurité NSW-003 - PAU AT07T - Tunnel de Taverny,NSW-003/TAV,A115,W,"7,0042",EXPLOI,Oui,TAVERNY,12016618,,"49.021496,2.210972",TAV,TAV
L11.295W,Niche incendie NSW-004 Sortie Sud - Tunnel de Taverny,NSW-004/TAV,A115,W,"6,0886",EXPLOI,Oui,TAVERNY,12016618,,"49.020180,2.211996",TAV,TAV
L11.296X,Niche incendie NSY-001 Entrée Sud - Tunnel de Taverny,NSY-001/TAV,A115,Y,"6,0886",EXPLOI,Non,TAVERNY,12013875,,"49.020264,2.212260",TAV,TAV
L11.297Y,Niche sécurité NSY-002 - PAU AT07A - Tunnel de Taverny,NSY-002/TAV,A115,Y,"7,0042",EXPLOI,Non,TAVERNY,12013875,,"49.021576,2.211331",TAV,TAV
L11.298A,Niche sécurité NSY-003 - PAU AT07B - Tunnel de Taverny,NSY-003/TAV,A115,Y,"7,0243",EXPLOI,Oui,TAVERNY,12013875,,"49.023163,2.210142",TAV,TAV
L11.299C,Niche incendie NSY-004 Sortie Nord - Tunnel de Taverny,NSY-004/TAV,A115,Y,"7,04",EXPLOI,Oui,TAVERNY,12013875,,"49.024260,2.209099",TAV,TAV
L11.339Y,Niche sécurité NSEW - PAU AL01R - Tunnel du Landy,NSEW/LAN,A1,W,"1,0905",EXPLOI,Non,LANDY,12016660,,"48.918625,2.357198",LAN,LAN-W
L11.341C,Niche sécurité NSW-002 - PAU AL01T - Tunnel du Landy,NSW-002/LAN,A1,W,"1,0672",EXPLOI,Oui,LANDY,12004135,,"48.916565,2.357365",LAN,LAN-W
L11.342D,Niche sécurité NSW-004 - PAU AL01V - Tunnel du Landy,NSW-004/LAN,A1,W,"1,0488",EXPLOI,Oui,LANDY,12004134,,"48.914913,2.357516",LAN,LAN-W
L11.343E,Niche sécurité NSW-006 - PAU AL01X - Tunnel du Landy,NSW-006/LAN,A1,W,"1,022",EXPLOI,Oui,LANDY,12004134,,"48.912533,2.357690",LAN,LAN-W
L11.344F,Niche sécurité NSW-008 - PAU AL00R - Tunnel du Landy,NSW-008/LAN,A1,W,"0,093",EXPLOI,Oui,LANDY,12004134,,"48.910336,2.357870",LAN,LAN-W
L11.345G,Niche sécurité NSY-101 - PAU AL01H - Tunnel du Landy,NSY-101/LAN,A1,Y,"1,09",EXPLOI,Non,LANDY,12016658,,"48.918630,2.357723",LAN,LAN-Y
L11.346H,Niche sécurité NSY-009 - PAU AL01F - Tunnel du Landy,NSY-009/LAN,A1,Y,"1,0653",EXPLOI,Oui,LANDY,12004073,,"48.916443,2.357882",LAN,LAN-Y
L11.347J,Niche sécurité NSY-007 - PAU AL01D - Tunnel du Landy,NSY-007/LAN,A1,Y,"1,0467",EXPLOI,Oui,LANDY,12004072,,"48.914818,2.358005",LAN,LAN-Y
L11.348K,Niche sécurité NSY-005 - PAU AL01B - Tunnel du Landy,NSY-005/LAN,A1,Y,"1,0218",EXPLOI,Oui,LANDY,12004072,,"48.912518,2.358192",LAN,LAN-Y
L11.349L,Niche sécurité NSY-003 - PAU AL00E - Tunnel du Landy,NSY-003/LAN,A1,Y,"0,0924",EXPLOI,Oui,LANDY,12004071,,"48.910350,2.358369",LAN,LAN-Y
L11.352P,Niche sécurité NS01 - PAU SB00W - Tunnel Bicêtre,NS01/BIC,A6B,W,"0,045",EXPLOI,Oui,BICETRE,12016633,,"48.813866,2.355175",BIC,BIC&ITA-W
L11.353R,Niche sécurité NS02 - PAU SB00F - Tunnel Bicêtre,NS02/BIC,A6B,Y,"0,0626",EXPLOI,Oui,BICETRE,12005917,,"48.813970,2.354900",BIC,BIC&ITA-Y
L11.354S,Niche sécurité NS03 - PAU SB00V - Tunnel Bicêtre,NS03/BIC,A6B,W,"0,061",EXPLOI,Oui,BICETRE,12005946,,"48.812700,2.353645",BIC,BIC&ITA-W
L11.355T,Niche sécurité NS04 - PAU SB00G - Tunnel Bicêtre,NS04/BIC,A6B,Y,"0,0781",EXPLOI,Oui,BICETRE,12005917,,"48.812866,2.353475",BIC,BIC&ITA-Y
L11.356U,Niche sécurité NS05 - PAU SB00U - Tunnel Bicêtre,NS05/BIC,A6B,W,"0,0748",EXPLOI,Oui,BICETRE,12005946,L10.612J,"48.811930,2.352158",BIC,BIC&ITA-W
L11.357V,Niche sécurité NS06 - PAU SB00H - Tunnel Bicêtre,NS06/BIC,A6B,Y,"0,092",EXPLOI,Oui,BICETRE,12005917,L10.602W,"48.812138,2.352125",BIC,BIC&ITA-Y
L11.358W,Niche sécurité NS07 - PAU SB00T - Tunnel Bicêtre,NS07/BIC,A6B,W,"0,0942",EXPLOI,Oui,BICETRE,12016629,,"48.811012,2.350662",BIC,BIC&ITA-W
L11.359X,Niche sécurité NS08 - PAU SB00I - Tunnel Bicêtre,NS08/BIC,A6B,Y,"0,1082",EXPLOI,Oui,BICETRE,12005918,,"48.811160,2.350494",BIC,BIC&ITA-Y
L11.361A,Niche sécurité NS09 - PAU SB00S - Tunnel Bicêtre,NS09/BIC,A6B,W,"0,1077",EXPLOI,Oui,BICETRE,12016629,L10.611H,"48.809940,2.349575",BIC,BIC&ITA-W
L11.362C,Niche sécurité NS10 - PAU SB00J - Tunnel Bicêtre,NS10/BIC,A6B,Y,"0,1217",EXPLOI,Oui,BICETRE,12005918,L10.603X,"48.810028,2.349328",BIC,BIC&ITA-Y
L11.363D,Niche sécurité NS11 - PAU SB00R - Tunnel Bicêtre,NS11/BIC,A6B,W,"0,1204",EXPLOI,Oui,BICETRE,12016629,,"48.808820,2.348509",BIC,BIC&ITA-W
L11.364E,Niche sécurité NS12 - PAU SB00K - Tunnel Bicêtre,NS12/BIC,A6B,Y,"0,1377",EXPLOI,Oui,BICETRE,12005918,,"48.808950,2.348336",BIC,BIC&ITA-Y
L11.365F,Niche sécurité NS13 - PAU SB01V - Tunnel Bicêtre,NS13/BIC,A6B,W,"1,0054",EXPLOI,Oui,BICETRE,12005947,L10.609F,"48.807747,2.347402",BIC,BIC&ITA-W
L11.366G,Niche sécurité NS14 - PAU SB01A - Tunnel Bicêtre,NS14/BIC,A6B,Y,"1,0054",EXPLOI,Oui,BICETRE,12016626,L10.604Y,"48.807835,2.347142",BIC,BIC&ITA-Y
L11.367H,Niche sécurité NS15 - PAU SB01U - Tunnel Bicêtre,NS15/BIC,A6B,W,"1,0275",EXPLOI,Oui,BICETRE,12016628,L10.608E,"48.806060,2.345814",BIC,BIC&ITA-W
L11.368J,Niche sécurité NS16 - PAU SB01B - Tunnel Bicêtre,NS16/BIC,A6B,Y,"1,0275",EXPLOI,Oui,BICETRE,12005919,L10.605A,"48.806168,2.345556",BIC,BIC&ITA-Y
L11.369K,Niche sécurité NS17 - PAU SB01T - Tunnel Bicêtre,NS17/BIC,A6B,W,"1,049",EXPLOI,Oui,BICETRE,12016628,L10.607D,"48.804400,2.344411",BIC,BIC&ITA-W
L11.371M,Niche sécurité NS18 - PAU SB01C - Tunnel Bicêtre,NS18/BIC,A6B,Y,"1,049",EXPLOI,Oui,BICETRE,12005919,L10.606C,"48.804440,2.344169",BIC,BIC&ITA-Y
L11.372N,Niche sécurité NS19 - PAU SB01S - Tunnel Bicêtre,NS19/BIC,A6B,W,"1,0636",EXPLOI,Oui,BICETRE,12016628,,"48.803104,2.343941",BIC,BIC&ITA-W
L11.373P,Niche sécurité NS20 - PAU SB01D - Tunnel Bicêtre,NS20/BIC,A6B,Y,"1,0636",EXPLOI,Oui,BICETRE,12005919,,"48.803060,2.343704",BIC,BIC&ITA-Y
L11.374R,Niche sécurité NS21 - PAU SB01R - Tunnel Bicêtre,NS21/BIC,A6B,W,"1,0788",EXPLOI,Oui,BICETRE,12016628,,"48.801826,2.343652",BIC,BIC&ITA-W
L11.375S,Niche sécurité NS22 - PAU SB01E - Tunnel Bicêtre,NS22/BIC,A6B,Y,"1,0788",EXPLOI,Oui,BICETRE,12016627,,"48.801792,2.343377",BIC,BIC&ITA-Y
L11.383A,Niche sécurité NS-01 sur Bretelle B5 - PAU NW04R - Tunnel de Nanterre-La Défense,ECH-NS-01 B5/DEF,A14XA86,W>I,"0,0212",EXPLOI,Oui,ECHANGEUR_NANTERRE,12018542,,"48.902067,2.199486",ECH,A14&NEU-Y
L11.384C,Niche incendie NI-01 sur Bretelle B5 - Tunnel de Nanterre-La Défense,ECH-NI-01 B5/DEF,A14XA86,W>I,"0,0215",EXPLOI,Oui,ECHANGEUR_NANTERRE,12018542,,"48.902044,2.199494",ECH,A14&NEU-Y
L11.385D,Niche incendie NI-02 sur Bretelle B5 - Tunnel de Nanterre-La Défense,ECH-NI-02 B5/DEF,A14XA86,W>I,"0,0393",EXPLOI,Oui,ECHANGEUR_NANTERRE,12018542,,"48.900586,2.200507",ECH,A14&NEU-Y
L11.386E,Niche sécurité NS-02 sur Bretelle B5 - PAU NW04S - Tunnel de Nanterre-La Défense,ECH-NS-02 B5/DEF,A14XA86,W>I,"0,0395",EXPLOI,Oui,ECHANGEUR_NANTERRE,12018542,,"48.900583,2.200517",ECH,A14&NEU-Y
L11.387F,Niche sécurité NS-03 sur Bretelle B5 - PAU NW04T - Tunnel de Nanterre-La Défense,ECH-NS-03 B5/DEF,A14XA86,W>I,"0,058",EXPLOI,Oui,ECHANGEUR_NANTERRE,12018543,,"48.901096,2.202795",ECH,A14&NEU-Y
L11.388G,Niche incendie NI-03 sur Bretelle B5 - Tunnel de Nanterre-La Défense,ECH-NI-03 B5/DEF,A14XA86,W>I,"0,0583",EXPLOI,Oui,ECHANGEUR_NANTERRE,12018543,,"48.901105,2.202811",ECH,A14&NEU-Y
L11.389H,Niche sécurité NS-04 sur Bretelle B5 - PAU NW04U - Tunnel de Nanterre-La Défense,ECH-NS-04 B5/DEF,A14XA86,W>I,"0,0755",EXPLOI,Oui,ECHANGEUR_NANTERRE,12018543,,"48.902116,2.204259",ECH,A14&NEU-Y
L11.516J,Niche sécurité NSY-008 - PAU MR04D - Tunnel de Saint-Cloud,NSY-008/CLO,A13,Y,"4,0401",EXPLOI,Non,SAINT-CLOUD,12004618,,"48.839897,2.205789",SCL,BAP&SCL-Y
L11.517K,Niche sécurité NSW-007 - PAU MR03T - Tunnel de Saint-Cloud,NSW-007/CLO,A13,W,"3,0691",EXPLOI,Oui,SAINT-CLOUD,12004564,,"48.838790,2.215282",SCL,BAP&SCL-W
L11.518L,Niche sécurité NSW-008 - PAU MR03U - Tunnel de Saint-Cloud,NSW-008/CLO,A13,W,"3,0595",EXPLOI,Oui,SAINT-CLOUD,12004564,,"48.838875,2.216626",SCL,BAP&SCL-W
L11.519M,Niche sécurité NSW-009 - PAU MR03V - Tunnel de Saint-Cloud,NSW-009/CLO,A13,W,"3,0502",EXPLOI,Oui,SAINT-CLOUD,12004564,,"48.839073,2.218000",SCL,BAP&SCL-W
L11.521P,Niche incendie NIY-001 - Tunnel de Saint-Cloud,NIY-001/CLO,A13,Y,"3,0664",EXPLOI,Oui,SAINT-CLOUD,12004617,,"48.839590,2.214614",SCL,BAP&SCL-Y
L11.522R,Niche incendie NIY-002 - Tunnel de Saint-Cloud,NIY-002/CLO,A13,Y,"3,0808",EXPLOI,Oui,SAINT-CLOUD,12004617,,"48.839714,2.212389",SCL,BAP&SCL-Y
L11.523S,Niche incendie NIY-003 - Tunnel de Saint-Cloud,NIY-003/CLO,A13,Y,"3,0958",EXPLOI,Oui,SAINT-CLOUD,12004617,,"48.839820,2.210900",SCL,BAP&SCL-Y
L11.524T,Niche incendie NIY-004 - Tunnel de Saint-Cloud,NIY-004/CLO,A13,Y,"4,0055",EXPLOI,Oui,SAINT-CLOUD,12004617,,"48.839916,2.207544",SCL,BAP&SCL-Y
L11.525U,Niche incendie NIY-005 - Tunnel de Saint-Cloud,NIY-005/CLO,A13,Y,"4,0149",EXPLOI,Oui,SAINT-CLOUD,12004617,,"48.839810,2.209059",SCL,BAP&SCL-Y
L11.526V,Niche incendie NIY-006 - Tunnel de Saint-Cloud,NIY-006/CLO,A13,Y,"4,0245",EXPLOI,Oui,SAINT-CLOUD,12004617,,"48.839867,2.207804",SCL,BAP&SCL-Y
L11.527W,Niche incendie NIW-001 - Tunnel Ambroise Paré,NIW-001/PAR,A13,W,"1,0782",EXPLOI,Oui,AMBROISE_PARE,12004560,,"48.848152,2.232595",BAP,BAP&SCL-W
L11.528X,Niche incendie NIW-002 - Tunnel Ambroise Paré,NIW-002/PAR,A13,W,"1,0619",EXPLOI,Oui,AMBROISE_PARE,12004560,,"48.848087,2.234893",BAP,BAP&SCL-W
L11.529Y,Niche incendie NIW-003 - Tunnel Ambroise Paré,NIW-003/PAR,A13,W,"1,0534",EXPLOI,Oui,AMBROISE_PARE,12004560,,"48.848110,2.236001",BAP,BAP&SCL-W
L11.531C,Niche incendie NIW-004 dans IS440 - Tunnel Ambroise Paré,NIW-004/PAR,A13,W,"1,044",EXPLOI,Oui,AMBROISE_PARE,12004560,L10.627C,"48.848130,2.237267",BAP,BAP&SCL-W
L11.532D,Niche incendie NIW-005 - Tunnel Ambroise Paré,NIW-005/PAR,A13,W,"1,0379",EXPLOI,Oui,AMBROISE_PARE,12004560,,"48.848230,2.238086",BAP,BAP&SCL-W
L11.533E,Niche incendie NIW-006 dans IS442 - Tunnel Ambroise Paré,NIW-006/PAR,A13,W,"1,0308",EXPLOI,Oui,AMBROISE_PARE,12004560,L10.629E,"48.848156,2.239108",BAP,BAP&SCL-W
L11.534F,Niche incendie NIW-007 - Tunnel Ambroise Paré,NIW-007/PAR,A13,W,"1,0224",EXPLOI,Oui,AMBROISE_PARE,12004560,,"48.848198,2.240264",BAP,BAP&SCL-W
L11.535G,Niche incendie NIW-008 - Tunnel Ambroise Paré,NIW-008/PAR,A13,W,"1,0127",EXPLOI,Oui,AMBROISE_PARE,12004560,,"48.848186,2.241539",BAP,BAP&SCL-W
L11.536H,Niche incendie NIW-009 - Tunnel Ambroise Paré,NIW-009/PAR,A13,W,"0,0975",EXPLOI,Oui,AMBROISE_PARE,12004558,,"48.848160,2.243631",BAP,BAP&SCL-W
L11.537J,Niche incendie NIY-001 - Tunnel Ambroise Paré,NIY-001/PAR,A13,Y,"0,0974",EXPLOI,Oui,AMBROISE_PARE,12004612,,"48.848568,2.243572",BAP,BAP&SCL-Y
L11.538K,Niche incendie NIY-002 - Tunnel Ambroise Paré,NIY-002/PAR,A13,Y,"1,006",EXPLOI,Oui,AMBROISE_PARE,12004612,,"48.848540,2.242508",BAP,BAP&SCL-Y
L11.539L,Niche incendie NIY-003 dans IS432 - Tunnel Ambroise Paré,NIY-003/PAR,A13,Y,"1,0147",EXPLOI,Oui,AMBROISE_PARE,12004612,L10.618R,"48.848515,2.241225",BAP,BAP&SCL-Y
L11.541N,Niche incendie NIY-004 - Tunnel Ambroise Paré,NIY-004/PAR,A13,Y,"1,025",EXPLOI,Oui,AMBROISE_PARE,12004612,,"48.848540,2.239869",BAP,BAP&SCL-Y
L11.542P,Niche incendie NIY-005 - Tunnel Ambroise Paré,NIY-005/PAR,A13,Y,"1,0334",EXPLOI,Oui,AMBROISE_PARE,12004612,,"48.848492,2.238753",BAP,BAP&SCL-Y
L11.543R,Niche incendie NIY-006 dans IS435 - Tunnel Ambroise Paré,NIY-006/PAR,A13,Y,"1,0432",EXPLOI,Oui,AMBROISE_PARE,12004612,L10.622V,"48.848515,2.241225",BAP,BAP&SCL-Y
L11.544S,Niche incendie NIY-007 - Tunnel Ambroise Paré,NIY-007/PAR,A13,Y,"1,0537",EXPLOI,Oui,AMBROISE_PARE,12004612,,"48.848450,2.235968",BAP,BAP&SCL-Y
L11.545T,Niche incendie NIY-008 - Tunnel Ambroise Paré,NIY-008/PAR,A13,Y,"1,0618",EXPLOI,Oui,AMBROISE_PARE,12004612,,"48.848427,2.234896",BAP,BAP&SCL-Y
L11.546U,Niche incendie NIY-009 - Tunnel Ambroise Paré,NIY-009/PAR,A13,Y,"1,0765",EXPLOI,Oui,AMBROISE_PARE,12004612,,"48.848480,2.232844",BAP,BAP&SCL-Y
L11.552C,Niche sécurité NS1 - PAU SB00A - Tunnel d'Italie,NS1/ITA,A6B,Y,"0,001",EXPLOI,Oui,ITALIE,12017670,,"48.816334,2.361095",ITA,BIC&ITA-Y
L11.553D,Niche sécurité NS2 - PAU SB00B - Tunnel d'Italie,NS2/ITA,A6B,Y,"0,0155",EXPLOI,Oui,ITALIE,12017670,,"48.816444,2.359117",ITA,BIC&ITA-Y
L11.554E,Niche sécurité NS3 - PAU SB00C - Tunnel d'Italie,NS3/ITA,A6B,Y,"0,0243",EXPLOI,Oui,ITALIE,12017670,,"48.816517,2.357916",ITA,BIC&ITA-Y
L11.555F,Niche sécurité NS4 - PAU SB00D - Tunnel d'Italie,NS4/ITA,A6B,Y,"0,0337",EXPLOI,Oui,ITALIE,12017670,,"48.816257,2.356729",ITA,BIC&ITA-Y
L11.556G,Niche sécurité NS5 - PAU SB00E - Tunnel d'Italie,NS5/ITA,A6B,Y,"0,0412",EXPLOI,Oui,ITALIE,12005915,,"48.815630,2.356237",ITA,BIC&ITA-Y
L11.557H,Niche sécurité NS6 - PAU SB00X - Tunnel d'Italie,NS6/ITA,A6B,W,"0,0245",EXPLOI,Oui,ITALIE,12005944,,"48.815483,2.356417",ITA,BIC&ITA-W
L11.594C,Niche sécurité NSY-001 - PAU BS17A - Tunnel de Boissy,NS-Y1,N19,Y,"17,0371",EXPLOI,Oui,BOISSY,12013418,,"48.752857,2.512318",BOI,BOI-Y
L11.595D,Niche sécurité NSY-002 - PAU BS17B - Tunnel de Boissy,NS-Y2,N19,Y,"17,0505",EXPLOI,Oui,BOISSY,12013418,,"48.751910,2.513357",BOI,BOI-Y
L11.596E,Niche sécurité NSY-003 - PAU BS17C - Tunnel de Boissy,NS-Y3,N19,Y,"17,0655",EXPLOI,Oui,BOISSY,12013418,,"48.750706,2.514284",BOI,BOI-Y
L11.597F,Niche sécurité NSY-004 - PAU BS17D - Tunnel de Boissy,NS-Y4,N19,Y,"17,0817",EXPLOI,Oui,BOISSY,12013419,,"48.749386,2.514902",BOI,BOI-Y
L11.598G,Niche sécurité NSY-005 - PAU BS18A - Tunnel de Boissy,NS-Y5,N19,Y,"18,0012",EXPLOI,Oui,BOISSY,12013420,,"48.747696,2.514700",BOI,BOI-Y
L11.599H,Niche sécurité NSY-006 - PAU BS18B - Tunnel de Boissy,NS-Y6,N19,Y,"18,0146",EXPLOI,Oui,BOISSY,12013420,,"48.746513,2.514290",BOI,BOI-Y
L11.601K,Niche sécurité NSW-001 - PAU BS18R - Tunnel de Boissy,NS-W1,N19,W,"18,0116",EXPLOI,Oui,BOISSY,12013455,,"48.746720,2.514784",BOI,BOI-W
L11.602L,Niche sécurité NSW-002 - PAU BS18S - Tunnel de Boissy,NS-W2,N19,W,"18,0012",EXPLOI,Oui,BOISSY,12013455,,"48.747640,2.515086",BOI,BOI-W
L11.603M,Niche sécurité NSW-003 - PAU BS17R - Tunnel de Boissy,NS-W3,N19,W,"17,0814",EXPLOI,Oui,BOISSY,12013456,,"48.749416,2.515313",BOI,BOI-W
L11.604N,Niche sécurité NSW-004 - PAU BS17S - Tunnel de Boissy,NS-W4,N19,W,"17,0655",EXPLOI,Oui,BOISSY,12013457,,"48.750824,2.514650",BOI,BOI-W
L11.605P,Niche sécurité NSW-005 - PAU BS17T - Tunnel de Boissy,NS-W5,N19,W,"17,0505",EXPLOI,Oui,BOISSY,12013457,,"48.751650,2.514015",BOI,BOI-W
L11.606R,Niche sécurité NSW-006 - PAU BS17U - Tunnel de Boissy,NS-W6,N19,W,"17,037",EXPLOI,Oui,BOISSY,12013457,,"48.753048,2.512668",BOI,BOI-W
L11.607S,Niche incendie NIY-001 - Tunnel de Boissy,NI-Y1,N19,Y,"17,0368",EXPLOI,Oui,BOISSY,12013418,,"48.752857,2.512318",BOI,BOI-Y
L11.608T,Niche incendie NIY-002 - Tunnel de Boissy,NI-Y2,N19,Y,"17,0502",EXPLOI,Oui,BOISSY,12013418,,"48.751910,2.513357",BOI,BOI-Y
L11.609U,Niche incendie NIY-003 - Tunnel de Boissy,NI-Y3,N19,Y,"17,0652",EXPLOI,Oui,BOISSY,12013418,,"48.750706,2.514284",BOI,BOI-Y
L11.611W,Niche incendie NIY-004 - Tunnel de Boissy,NI-Y4,N19,Y,"17,0814",EXPLOI,Oui,BOISSY,12013419,,"48.749386,2.514902",BOI,BOI-Y
L11.612X,Niche incendie NIY-005 - Tunnel de Boissy,NI-Y5,N19,Y,"18,0009",EXPLOI,Oui,BOISSY,12013420,,"48.747696,2.514700",BOI,BOI-Y
L11.613Y,Niche incendie NIY-006 - Tunnel de Boissy,NI-Y6,N19,Y,"18,0143",EXPLOI,Oui,BOISSY,12013420,,"48.746513,2.514290",BOI,BOI-Y
L11.614A,Niche incendie NIW-001 - Tunnel de Boissy,NI-W1,N19,W,"18,0113",EXPLOI,Oui,BOISSY,12013455,,"48.746720,2.514784",BOI,BOI-W
L11.615C,Niche incendie NIW-002 - Tunnel de Boissy,NI-W2,N19,W,"18,0009",EXPLOI,Oui,BOISSY,12013455,,"48.747618,2.515087",BOI,BOI-W
L11.616D,Niche incendie NIW-003 - Tunnel de Boissy,NI-W3,N19,W,"17,0817",EXPLOI,Oui,BOISSY,12013456,,"48.749416,2.515313",BOI,BOI-W
L11.617E,Niche incendie NIW-004 - Tunnel de Boissy,NI-W4,N19,W,"17,0652",EXPLOI,Oui,BOISSY,12013457,,"48.750824,2.514650",BOI,BOI-W
L11.618F,Niche incendie NIW-005 - Tunnel de Boissy,NI-W5,N19,W,"17,0502",EXPLOI,Oui,BOISSY,12013457,,"48.752040,2.513731",BOI,BOI-W
L11.619G,Niche incendie NIW-006 - Tunnel de Boissy,NI-W6,N19,W,"17,0368",EXPLOI,Oui,BOISSY,12013457,,"48.753048,2.512668",BOI,BOI-W
L11.643K,Niche sécurité NSY-001 - PAU TY02A - Tunnel d'Orly,NSY-001/ORLY,N7,Y,"2,06",EXPLOI,Oui,ORLY,12013400,,"48.729250,2.368066",ORL,ORL
L11.646N,Niche sécurité NSY-002 - PAU TY02B - Tunnel d'Orly,NSY-002/ORLY,N7,Y,"2,0785",EXPLOI,Oui,ORLY,12013400,,"48.727970,2.368643",ORL,ORL
L11.648R,Niche sécurité NSY-003 - PAU TY02C - Tunnel d'Orly,NSY-003/ORLY,N7,Y,"2,0971",EXPLOI,Non,ORLY,12013400,,"48.726074,2.369342",ORL,ORL
L11.649S,Niche sécurité NSY-004 - PAU TY03A - Tunnel d'Orly,NSY-004/ORLY,N7,Y,"3,03",EXPLOI,Non,ORLY,12013401,,"48.723164,2.370407",ORL,ORL
L11.652V,Niche sécurité NSY-005 - PAU TY03B - Tunnel d'Orly,NSY-005/ORLY,N7,Y,"3,0504",EXPLOI,Oui,ORLY,12013401,,"48.721676,2.370542",ORL,ORL
L11.654X,Niche sécurité NSY-006 - PAU TY03C - Tunnel d'Orly,NSY-006/ORLY,N7,Y,"3,0644",EXPLOI,Non,ORLY,12013402,,"48.720100,2.370580",ORL,ORL
L11.655Y,Niche sécurité NSW-006 - PAU TY03R - Tunnel d'Orly,NSW-006/ORLY,N7,W,"3,0644",EXPLOI,Non,ORLY,12013406,,"48.720070,2.370874",ORL,ORL
L11.658D,Niche sécurité NSW-005 - PAU TY03S - Tunnel d'Orly,NSW-005/ORLY,N7,W,"3,0494",EXPLOI,Oui,ORLY,12013405,,"48.721760,2.370866",ORL,ORL
L11.661G,Niche sécurité NSW-004 - PAU TY03T - Tunnel d'Orly,NSW-004/ORLY,N7,W,"3,03",EXPLOI,Non,ORLY,12013405,,"48.723200,2.370701",ORL,ORL
L11.662H,Niche sécurité NSW-003 - PAU TY02R - Tunnel d'Orly,NSW-003/ORLY,N7,W,"2,0971",EXPLOI,Non,ORLY,12013404,,"48.726044,2.369661",ORL,ORL
L11.664K,Niche sécurité NSW-002 - PAU TY02S - Tunnel d'Orly,NSW-002/ORLY,N7,W,"2,0785",EXPLOI,Oui,ORLY,12013404,,"48.727966,2.368826",ORL,ORL
L11.666M,Niche sécurité NSW-001 - PAU TY02T - Tunnel d'Orly,NSW-001/ORLY,N7,W,"2,06",EXPLOI,Oui,ORLY,12013404,,"48.729250,2.368293",ORL,ORL
L11.742D,Niche sécurité NSY-001 - PAU MZ08A - Tunnel Dreyer,NSY-001/CHA,A4,Y,"8,0877",EXPLOI,Non,CHAMPIGNY,12004890,,"48.828608,2.501019",CHA,CHA-Y
L11.769K,Niche sécurité en entrée - PAU RE45U - Couverture de la Saussaie,NSE/SAUSSAIE,A86EST,E,"45,018",EXPLOI,Non,MOULIN,12005543,,"48.769161,2.379617",MOU,GMO&MOU-E
L11.771M,Niche sécurité en sortie - PAU RE45V - Couverture de la Saussaie,NSS/SAUSSAIE,A86EST,E,"44,0945",EXPLOI,Non,MOULIN,12005543,,,MOU,GMO&MOU-E
L11.804C,Niche sécurité NSI-007 - PAU RN21F - Tunnel de Bobigny,NSI-007/BOB,A86NORD,I,21,EXPLOI,Oui,BOBIGNY,12005280,,,BDR,BLN&CRN-I
L11.805D,Niche sécurité NSI-009 - PAU RN21G - Tunnel de Bobigny,NSI-009/BOB,A86NORD,I,"21,03",EXPLOI,Oui,BOBIGNY,12005281,,,BDR,BLN&CRN-I
L11.806E,Niche sécurité NSI-012 - PAU RN21H - Tunnel de Bobigny,NSI-012/BOB,A86NORD,I,"21,056",EXPLOI,Oui,BOBIGNY,12005281,,,BDR,BLN&CRN-I
L11.807F,Niche sécurité NSE-007 - PAU RN21V - Tunnel de Bobigny,NSE-007/BOB,A86NORD,E,"21,033",EXPLOI,Oui,BOBIGNY,12005463,,,BDR,BLN&CRN-E
L11.808G,Niche sécurité NSE-011 - PAU RN20W - Tunnel de Bobigny,NSE-011/BOB,A86NORD,E,"20,078",EXPLOI,Oui,BOBIGNY,12011688,,,BDR,BLN&CRN-E
L11.809H,Niche sécurité NSE-009 - PAU RN21W - Tunnel de Bobigny,NSE-009/BOB,A86NORD,E,"21,004",EXPLOI,Oui,BOBIGNY,12005463,,,BDR,BLN&CRN-E
L11.811K,Niche sécurité NSI-005 - PAU RN20F - Tunnel de Bobigny,NSI-005/BOB,A86NORD,I,"20,078",EXPLOI,Oui,BOBIGNY,12005280,,,BDR,BLN&CRN-I
L11.861U,Niche sécurité NSW-001 - PAU NG01T - Tunnel Trinity,NSW-001/TRI,N192,W,"0,073",EXPLOI,Non,TRINITY,12011973,,,TRI,A14&NEU-W
L11.862V,Niche sécurité NSW-002 - PAU NG01S - Tunnel Trinity,NSW-002/TRI,N192,W,"0,0583",EXPLOI,Non,TRINITY,12004433,,,TRI,A14&NEU-W
L11.863W,Niche sécurité NSY-001 - PAU NG01A - Tunnel Trinity,NSY-001/TRI,N192,Y,"0,0575",EXPLOI,Non,TRINITY,12004499,,,TRI,A14&NEU-Y
L11.864X,Niche sécurité NSY-002 - PAU NG01B - Tunnel Trinity,NSY-002/TRI,N192,Y,"0,073",EXPLOI,Non,TRINITY,12017515,,,TRI,A14&NEU-Y
L11.902T,Niche Inspection PN6-W - Tunnel de Boissy,PN6-W,N19,W,"18,0232",EXPLOI,Non,BOISSY,12013455,,"48.745673,2.514443",BOI,BOI-W
L11.903U,Niche Inspection PN7-W - Tunnel de Boissy,PN7-W,N19,W,"18,0342",EXPLOI,Non,BOISSY,12013455,,"48.744692,2.514120",BOI,BOI-W
L11.904V,Niche Inspection PN8-W - Tunnel de Boissy,PN8-W,N19,W,"18,0492",EXPLOI,Non,BOISSY,12013455,,"48.743360,2.513684",BOI,BOI-W
L11.905W,Niche Inspection PN9-W - Tunnel de Boissy,PN9-W,N19,W,"18,0643",EXPLOI,Non,BOISSY,12013454,,"48.742107,2.513751",BOI,BOI-W
L11.906X,Niche Inspection PN6-Y - Tunnel de Boissy,PN6-Y,N19,Y,"18,0232",EXPLOI,Non,BOISSY,12013420,,"48.745716,2.514008",BOI,BOI-Y
L11.907Y,Niche Inspection PN7-Y - Tunnel de Boissy,PN7-Y,N19,Y,"18,0342",EXPLOI,Non,BOISSY,12013420,,"48.744740,2.513698",BOI,BOI-Y
L11.908A,Niche Inspection PN8-Y - Tunnel de Boissy,PN8-Y,N19,Y,"18,0492",EXPLOI,Non,BOISSY,12013420,,"48.743428,2.513263",BOI,BOI-Y
L11.909C,Niche Inspection PN9-Y - Tunnel de Boissy,PN9-Y,N19,Y,"18,0643",EXPLOI,Non,BOISSY,12013421,,"48.742012,2.513249",BOI,BOI-Y
L11.938L,Niche sécurité NSY-002 - PAU LR05C - Tunnel de Fontenay,NSY-002/FON,A12,Y,"5,0411",EXPLOI,Oui,FONTENAY,12016620,,"48.806040,2.051010",FLF,FLF-Y
L11.939M,Niche incendie de l'issue de secours n°421a,NS-421a/FON,A12,Y,"5,0416",EXPLOI,Oui,FONTENAY,12016620,,"48.806040,2.051010",FLF,FLF-Y
L11.941P,Niche sécurité NSY-003 - PAU LR05D - Tunnel de Fontenay,NSY-003/FON,A12,Y,"5,0476",EXPLOI,Oui,FONTENAY,12016620,,"48.805515,2.050474",FLF,FLF-Y
L11.942R,Niche incendie de l'issue de secours n°421b,NS-421b/FON,A12,Y,"5,0476",EXPLOI,Oui,FONTENAY,12016620,,"48.805515,2.050474",FLF,FLF-Y
L11.943S,Niche sécurité NSW-002 - PAU LR05T - Tunnel de Fontenay,NSW-002/FON,A12,W,"5,0486",EXPLOI,Oui,FONTENAY,12016622,,"48.805294,2.050994",FLF,FLF-W
L11.944T,Niche incendie de l'issue de secours n°423a,NS-423a/FON,A12,W,"5,0486",PROJET,Oui,FONTENAY,12016622,,"48.805294,2.050994",FLF,FLF-W
L11.945U,Niche sécurité NSW-003 - PAU LR05U - Tunnel de Fontenay,NSW-003/FON,A12,W,"5,0416",EXPLOI,Oui,FONTENAY,12016622,,"48.805843,2.051530",FLF,FLF-W
L11.946V,Niche incendie de l'issue de secours n°423b,NS-423b/FON,A12,W,"5,0416",EXPLOI,Oui,FONTENAY,12016622,,"48.805843,2.051530",FLF,FLF-W
L11.947W,Niche sécurité - Entré Y - PAU LR05A - Tunnel de Fontenay,NSEY/FON,A12,Y,"5,0262",EXPLOI,Non,FONTENAY,12016620,,"48.807095,2.051986",FLF,FLF-Y
L11.948X,Niche sécurité - Sortie Y - PAU LR05F - Tunnel de Fontenay,NSSY/FON,A12,Y,"5,0664",EXPLOI,Non,FONTENAY,12016620,,"48.803932,2.049182",FLF,FLF-Y
L11.949Y,Niche sécurité - Entré W - PAU LR05R - Tunnel de Fontenay,NSEW/FON,A12,W,"5,066",EXPLOI,Non,FONTENAY,12016622,,"48.803936,2.049612",FLF,FLF-W
L11.951C,Niche sécurité - Sortie W - PAU LR05W - Tunnel de Fontenay,NSSW/FON,A12,W,"5,027",EXPLOI,Non,FONTENAY,12016622,,"48.806843,2.052555",FLF,FLF-W
L11.959L,Niche sécurité NSEE/NAN - PAU RW80R - Tunnel de Nanterre-La Défense,NAN-NSEE/DEF,A86OUEST,E,"80,0146",EXPLOI,Non,NANTERRE_CENTRE,12005729,,"48.902800,2.204336",NAN,NAN-E
